prd,url
Skin_Toner,https://www.oliveyoung.co.kr/store/goods/getGoodsDetail.do?goodsNo=A000000189181&dispCatNo=100000100010013&trackingCd=Cat100000100010013_Small&t_page=카테고리관&t_click=스킨/토너_전체__상품상세&t_number=1
Skin_Toner,https://www.oliveyoung.co.kr/store/goods/getGoodsDetail.do?goodsNo=A000000211137&dispCatNo=100000100010013&trackingCd=Cat100000100010013_Small&t_page=카테고리관&t_click=스킨/토너_전체__상품상세&t_number=2
Skin_Toner,https://www.oliveyoung.co.kr/store/goods/getGoodsDetail.do?goodsNo=A000000225919&dispCatNo=100000100010013&trackingCd=Cat100000100010013_Small&t_page=카테고리관&t_click=스킨/토너_전체__상품상세&t_number=3
Skin_Toner,https://www.oliveyoung.co.kr/store/goods/getGoodsDetail.do?goodsNo=A000000174370&dispCatNo=100000100010013&trackingCd=Cat100000100010013_Small&t_page=카테고리관&t_click=스킨/토너_전체__상품상세&t_number=4
Skin_Toner,https://www.oliveyoung.co.kr/store/goods/getGoodsDetail.do?goodsNo=A000000218549&dispCatNo=100000100010013&trackingCd=Cat100000100010013_Small&t_page=카테고리관&t_click=스킨/토너_전체__상품상세&t_number=5
Skin_Toner,https://www.oliveyoung.co.kr/store/goods/getGoodsDetail.do?goodsNo=A000000132162&dispCatNo=100000100010013&trackingCd=Cat100000100010013_Small&t_page=카테고리관&t_click=스킨/토너_전체__상품상세&t_number=6
Skin_Toner,https://www.oliveyoung.co.kr/store/goods/getGoodsDetail.do?goodsNo=A000000190395&dispCatNo=100000100010013&trackingCd=Cat100000100010013_Small&t_page=카테고리관&t_click=스킨/토너_전체__상품상세&t_number=7
Skin_Toner,https://www.oliveyoung.co.kr/store/goods/getGoodsDetail.do?goodsNo=A000000216350&dispCatNo=100000100010013&trackingCd=Cat100000100010013_Small&t_page=카테고리관&t_click=스킨/토너_전체__상품상세&t_number=8
Skin_Toner,https://www.oliveyoung.co.kr/store/goods/getGoodsDetail.do?goodsNo=A000000180474&dispCatNo=100000100010013&trackingCd=Cat100000100010013_Small&t_page=카테고리관&t_click=스킨/토너_전체__상품상세&t_number=9
Skin_Toner,https://www.oliveyoung.co.kr/store/goods/getGoodsDetail.do?goodsNo=A000000141900&dispCatNo=100000100010013&trackingCd=Cat100000100010013_Small&t_page=카테고리관&t_click=스킨/토너_전체__상품상세&t_number=10
Skin_Toner,https://www.oliveyoung.co.kr/store/goods/getGoodsDetail.do?goodsNo=A000000189488&dispCatNo=100000100010013&trackingCd=Cat100000100010013_Small&t_page=카테고리관&t_click=스킨/토너_전체__상품상세&t_number=11
Skin_Toner,https://www.oliveyoung.co.kr/store/goods/getGoodsDetail.do?goodsNo=A000000157178&dispCatNo=100000100010013&trackingCd=Cat100000100010013_Small&t_page=카테고리관&t_click=스킨/토너_전체__상품상세&t_number=12
Skin_Toner,https://www.oliveyoung.co.kr/store/goods/getGoodsDetail.do?goodsNo=A000000170266&dispCatNo=100000100010013&trackingCd=Cat100000100010013_Small&t_page=카테고리관&t_click=스킨/토너_전체__상품상세&t_number=13
Skin_Toner,https://www.oliveyoung.co.kr/store/goods/getGoodsDetail.do?goodsNo=A000000211003&dispCatNo=100000100010013&trackingCd=Cat100000100010013_Small&t_page=카테고리관&t_click=스킨/토너_전체__상품상세&t_number=14
Skin_Toner,https://www.oliveyoung.co.kr/store/goods/getGoodsDetail.do?goodsNo=A000000228827&dispCatNo=100000100010013&trackingCd=Cat100000100010013_Small&t_page=카테고리관&t_click=스킨/토너_전체__상품상세&t_number=15
Skin_Toner,https://www.oliveyoung.co.kr/store/goods/getGoodsDetail.do?goodsNo=A000000188990&dispCatNo=100000100010013&trackingCd=Cat100000100010013_Small&t_page=카테고리관&t_click=스킨/토너_전체__상품상세&t_number=16
Skin_Toner,https://www.oliveyoung.co.kr/store/goods/getGoodsDetail.do?goodsNo=A000000207054&dispCatNo=100000100010013&trackingCd=Cat100000100010013_Small&t_page=카테고리관&t_click=스킨/토너_전체__상품상세&t_number=17
Skin_Toner,https://www.oliveyoung.co.kr/store/goods/getGoodsDetail.do?goodsNo=A000000137180&dispCatNo=100000100010013&trackingCd=Cat100000100010013_Small&t_page=카테고리관&t_click=스킨/토너_전체__상품상세&t_number=18
Skin_Toner,https://www.oliveyoung.co.kr/store/goods/getGoodsDetail.do?goodsNo=A000000188874&dispCatNo=100000100010013&trackingCd=Cat100000100010013_Small&t_page=카테고리관&t_click=스킨/토너_전체__상품상세&t_number=19
Skin_Toner,https://www.oliveyoung.co.kr/store/goods/getGoodsDetail.do?goodsNo=A000000224086&dispCatNo=100000100010013&trackingCd=Cat100000100010013_Small&t_page=카테고리관&t_click=스킨/토너_전체__상품상세&t_number=20
Skin_Toner,https://www.oliveyoung.co.kr/store/goods/getGoodsDetail.do?goodsNo=A000000213171&dispCatNo=100000100010013&trackingCd=Cat100000100010013_Small&t_page=카테고리관&t_click=스킨/토너_전체__상품상세&t_number=21
Skin_Toner,https://www.oliveyoung.co.kr/store/goods/getGoodsDetail.do?goodsNo=A000000148285&dispCatNo=100000100010013&trackingCd=Cat100000100010013_Small&t_page=카테고리관&t_click=스킨/토너_전체__상품상세&t_number=22
Skin_Toner,https://www.oliveyoung.co.kr/store/goods/getGoodsDetail.do?goodsNo=A000000210550&dispCatNo=100000100010013&trackingCd=Cat100000100010013_Small&t_page=카테고리관&t_click=스킨/토너_전체__상품상세&t_number=23
Skin_Toner,https://www.oliveyoung.co.kr/store/goods/getGoodsDetail.do?goodsNo=A000000173589&dispCatNo=100000100010013&trackingCd=Cat100000100010013_Small&t_page=카테고리관&t_click=스킨/토너_전체__상품상세&t_number=24
Skin_Toner,https://www.oliveyoung.co.kr/store/goods/getGoodsDetail.do?goodsNo=A000000223625&dispCatNo=100000100010013&trackingCd=Cat100000100010013_Small&t_page=카테고리관&t_click=스킨/토너_전체__상품상세&t_number=25
Skin_Toner,https://www.oliveyoung.co.kr/store/goods/getGoodsDetail.do?goodsNo=A000000206025&dispCatNo=100000100010013&trackingCd=Cat100000100010013_Small&t_page=카테고리관&t_click=스킨/토너_전체__상품상세&t_number=26
Skin_Toner,https://www.oliveyoung.co.kr/store/goods/getGoodsDetail.do?goodsNo=A000000004434&dispCatNo=100000100010013&trackingCd=Cat100000100010013_Small&t_page=카테고리관&t_click=스킨/토너_전체__상품상세&t_number=27
Skin_Toner,https://www.oliveyoung.co.kr/store/goods/getGoodsDetail.do?goodsNo=A000000159921&dispCatNo=100000100010013&trackingCd=Cat100000100010013_Small&t_page=카테고리관&t_click=스킨/토너_전체__상품상세&t_number=28
Skin_Toner,https://www.oliveyoung.co.kr/store/goods/getGoodsDetail.do?goodsNo=A000000182686&dispCatNo=100000100010013&trackingCd=Cat100000100010013_Small&t_page=카테고리관&t_click=스킨/토너_전체__상품상세&t_number=29
Skin_Toner,https://www.oliveyoung.co.kr/store/goods/getGoodsDetail.do?goodsNo=A000000164211&dispCatNo=100000100010013&trackingCd=Cat100000100010013_Small&t_page=카테고리관&t_click=스킨/토너_전체__상품상세&t_number=30
Skin_Toner,https://www.oliveyoung.co.kr/store/goods/getGoodsDetail.do?goodsNo=A000000210415&dispCatNo=100000100010013&trackingCd=Cat100000100010013_Small&t_page=카테고리관&t_click=스킨/토너_전체__상품상세&t_number=31
Skin_Toner,https://www.oliveyoung.co.kr/store/goods/getGoodsDetail.do?goodsNo=A000000206694&dispCatNo=100000100010013&trackingCd=Cat100000100010013_Small&t_page=카테고리관&t_click=스킨/토너_전체__상품상세&t_number=32
Skin_Toner,https://www.oliveyoung.co.kr/store/goods/getGoodsDetail.do?goodsNo=A000000211164&dispCatNo=100000100010013&trackingCd=Cat100000100010013_Small&t_page=카테고리관&t_click=스킨/토너_전체__상품상세&t_number=33
Skin_Toner,https://www.oliveyoung.co.kr/store/goods/getGoodsDetail.do?goodsNo=A000000174023&dispCatNo=100000100010013&trackingCd=Cat100000100010013_Small&t_page=카테고리관&t_click=스킨/토너_전체__상품상세&t_number=34
Skin_Toner,https://www.oliveyoung.co.kr/store/goods/getGoodsDetail.do?goodsNo=A000000181475&dispCatNo=100000100010013&trackingCd=Cat100000100010013_Small&t_page=카테고리관&t_click=스킨/토너_전체__상품상세&t_number=35
Skin_Toner,https://www.oliveyoung.co.kr/store/goods/getGoodsDetail.do?goodsNo=A000000221424&dispCatNo=100000100010013&trackingCd=Cat100000100010013_Small&t_page=카테고리관&t_click=스킨/토너_전체__상품상세&t_number=36
Skin_Toner,https://www.oliveyoung.co.kr/store/goods/getGoodsDetail.do?goodsNo=A000000223627&dispCatNo=100000100010013&trackingCd=Cat100000100010013_Small&t_page=카테고리관&t_click=스킨/토너_전체__상품상세&t_number=37
Skin_Toner,https://www.oliveyoung.co.kr/store/goods/getGoodsDetail.do?goodsNo=A000000182787&dispCatNo=100000100010013&trackingCd=Cat100000100010013_Small&t_page=카테고리관&t_click=스킨/토너_전체__상품상세&t_number=38
Skin_Toner,https://www.oliveyoung.co.kr/store/goods/getGoodsDetail.do?goodsNo=A000000165355&dispCatNo=100000100010013&trackingCd=Cat100000100010013_Small&t_page=카테고리관&t_click=스킨/토너_전체__상품상세&t_number=39
Skin_Toner,https://www.oliveyoung.co.kr/store/goods/getGoodsDetail.do?goodsNo=A000000199405&dispCatNo=100000100010013&trackingCd=Cat100000100010013_Small&t_page=카테고리관&t_click=스킨/토너_전체__상품상세&t_number=40
Skin_Toner,https://www.oliveyoung.co.kr/store/goods/getGoodsDetail.do?goodsNo=A000000224246&dispCatNo=100000100010013&trackingCd=Cat100000100010013_Small&t_page=카테고리관&t_click=스킨/토너_전체__상품상세&t_number=41
Skin_Toner,https://www.oliveyoung.co.kr/store/goods/getGoodsDetail.do?goodsNo=A000000203207&dispCatNo=100000100010013&trackingCd=Cat100000100010013_Small&t_page=카테고리관&t_click=스킨/토너_전체__상품상세&t_number=42
Skin_Toner,https://www.oliveyoung.co.kr/store/goods/getGoodsDetail.do?goodsNo=A000000227666&dispCatNo=100000100010013&trackingCd=Cat100000100010013_Small&t_page=카테고리관&t_click=스킨/토너_전체__상품상세&t_number=43
Skin_Toner,https://www.oliveyoung.co.kr/store/goods/getGoodsDetail.do?goodsNo=A000000224583&dispCatNo=100000100010013&trackingCd=Cat100000100010013_Small&t_page=카테고리관&t_click=스킨/토너_전체__상품상세&t_number=44
Skin_Toner,https://www.oliveyoung.co.kr/store/goods/getGoodsDetail.do?goodsNo=A000000210924&dispCatNo=100000100010013&trackingCd=Cat100000100010013_Small&t_page=카테고리관&t_click=스킨/토너_전체__상품상세&t_number=45
Skin_Toner,https://www.oliveyoung.co.kr/store/goods/getGoodsDetail.do?goodsNo=A000000220710&dispCatNo=100000100010013&trackingCd=Cat100000100010013_Small&t_page=카테고리관&t_click=스킨/토너_전체__상품상세&t_number=46
Skin_Toner,https://www.oliveyoung.co.kr/store/goods/getGoodsDetail.do?goodsNo=A000000161571&dispCatNo=100000100010013&trackingCd=Cat100000100010013_Small&t_page=카테고리관&t_click=스킨/토너_전체__상품상세&t_number=47
Skin_Toner,https://www.oliveyoung.co.kr/store/goods/getGoodsDetail.do?goodsNo=A000000180024&dispCatNo=100000100010013&trackingCd=Cat100000100010013_Small&t_page=카테고리관&t_click=스킨/토너_전체__상품상세&t_number=48
Skin_Toner,https://www.oliveyoung.co.kr/store/goods/getGoodsDetail.do?goodsNo=A000000183751&dispCatNo=100000100010013&trackingCd=Cat100000100010013_Small&t_page=카테고리관&t_click=스킨/토너_전체__상품상세&t_number=49
Skin_Toner,https://www.oliveyoung.co.kr/store/goods/getGoodsDetail.do?goodsNo=A000000184790&dispCatNo=100000100010013&trackingCd=Cat100000100010013_Small&t_page=카테고리관&t_click=스킨/토너_전체__상품상세&t_number=50
Skin_Toner,https://www.oliveyoung.co.kr/store/goods/getGoodsDetail.do?goodsNo=A000000144042&dispCatNo=100000100010013&trackingCd=Cat100000100010013_Small&t_page=카테고리관&t_click=스킨/토너_전체__상품상세&t_number=51
Skin_Toner,https://www.oliveyoung.co.kr/store/goods/getGoodsDetail.do?goodsNo=A000000154177&dispCatNo=100000100010013&trackingCd=Cat100000100010013_Small&t_page=카테고리관&t_click=스킨/토너_전체__상품상세&t_number=52
Skin_Toner,https://www.oliveyoung.co.kr/store/goods/getGoodsDetail.do?goodsNo=A000000182583&dispCatNo=100000100010013&trackingCd=Cat100000100010013_Small&t_page=카테고리관&t_click=스킨/토너_전체__상품상세&t_number=53
Skin_Toner,https://www.oliveyoung.co.kr/store/goods/getGoodsDetail.do?goodsNo=A000000205340&dispCatNo=100000100010013&trackingCd=Cat100000100010013_Small&t_page=카테고리관&t_click=스킨/토너_전체__상품상세&t_number=54
Skin_Toner,https://www.oliveyoung.co.kr/store/goods/getGoodsDetail.do?goodsNo=A000000229521&dispCatNo=100000100010013&trackingCd=Cat100000100010013_Small&t_page=카테고리관&t_click=스킨/토너_전체__상품상세&t_number=55
Skin_Toner,https://www.oliveyoung.co.kr/store/goods/getGoodsDetail.do?goodsNo=A000000183408&dispCatNo=100000100010013&trackingCd=Cat100000100010013_Small&t_page=카테고리관&t_click=스킨/토너_전체__상품상세&t_number=56
Skin_Toner,https://www.oliveyoung.co.kr/store/goods/getGoodsDetail.do?goodsNo=A000000214672&dispCatNo=100000100010013&trackingCd=Cat100000100010013_Small&t_page=카테고리관&t_click=스킨/토너_전체__상품상세&t_number=57
Skin_Toner,https://www.oliveyoung.co.kr/store/goods/getGoodsDetail.do?goodsNo=A000000175354&dispCatNo=100000100010013&trackingCd=Cat100000100010013_Small&t_page=카테고리관&t_click=스킨/토너_전체__상품상세&t_number=58
Skin_Toner,https://www.oliveyoung.co.kr/store/goods/getGoodsDetail.do?goodsNo=A000000222024&dispCatNo=100000100010013&trackingCd=Cat100000100010013_Small&t_page=카테고리관&t_click=스킨/토너_전체__상품상세&t_number=59
Skin_Toner,https://www.oliveyoung.co.kr/store/goods/getGoodsDetail.do?goodsNo=A000000219966&dispCatNo=100000100010013&trackingCd=Cat100000100010013_Small&t_page=카테고리관&t_click=스킨/토너_전체__상품상세&t_number=60
Skin_Toner,https://www.oliveyoung.co.kr/store/goods/getGoodsDetail.do?goodsNo=A000000213413&dispCatNo=100000100010013&trackingCd=Cat100000100010013_Small&t_page=카테고리관&t_click=스킨/토너_전체__상품상세&t_number=61
Skin_Toner,https://www.oliveyoung.co.kr/store/goods/getGoodsDetail.do?goodsNo=A000000143458&dispCatNo=100000100010013&trackingCd=Cat100000100010013_Small&t_page=카테고리관&t_click=스킨/토너_전체__상품상세&t_number=62
Skin_Toner,https://www.oliveyoung.co.kr/store/goods/getGoodsDetail.do?goodsNo=A000000229456&dispCatNo=100000100010013&trackingCd=Cat100000100010013_Small&t_page=카테고리관&t_click=스킨/토너_전체__상품상세&t_number=63
Skin_Toner,https://www.oliveyoung.co.kr/store/goods/getGoodsDetail.do?goodsNo=A000000113806&dispCatNo=100000100010013&trackingCd=Cat100000100010013_Small&t_page=카테고리관&t_click=스킨/토너_전체__상품상세&t_number=64
Skin_Toner,https://www.oliveyoung.co.kr/store/goods/getGoodsDetail.do?goodsNo=A000000221744&dispCatNo=100000100010013&trackingCd=Cat100000100010013_Small&t_page=카테고리관&t_click=스킨/토너_전체__상품상세&t_number=65
Skin_Toner,https://www.oliveyoung.co.kr/store/goods/getGoodsDetail.do?goodsNo=A000000129474&dispCatNo=100000100010013&trackingCd=Cat100000100010013_Small&t_page=카테고리관&t_click=스킨/토너_전체__상품상세&t_number=66
Skin_Toner,https://www.oliveyoung.co.kr/store/goods/getGoodsDetail.do?goodsNo=A000000203170&dispCatNo=100000100010013&trackingCd=Cat100000100010013_Small&t_page=카테고리관&t_click=스킨/토너_전체__상품상세&t_number=67
Skin_Toner,https://www.oliveyoung.co.kr/store/goods/getGoodsDetail.do?goodsNo=A000000115910&dispCatNo=100000100010013&trackingCd=Cat100000100010013_Small&t_page=카테고리관&t_click=스킨/토너_전체__상품상세&t_number=68
Skin_Toner,https://www.oliveyoung.co.kr/store/goods/getGoodsDetail.do?goodsNo=A000000166383&dispCatNo=100000100010013&trackingCd=Cat100000100010013_Small&t_page=카테고리관&t_click=스킨/토너_전체__상품상세&t_number=69
Skin_Toner,https://www.oliveyoung.co.kr/store/goods/getGoodsDetail.do?goodsNo=A000000228585&dispCatNo=100000100010013&trackingCd=Cat100000100010013_Small&t_page=카테고리관&t_click=스킨/토너_전체__상품상세&t_number=70
Skin_Toner,https://www.oliveyoung.co.kr/store/goods/getGoodsDetail.do?goodsNo=A000000203171&dispCatNo=100000100010013&trackingCd=Cat100000100010013_Small&t_page=카테고리관&t_click=스킨/토너_전체__상품상세&t_number=71
Skin_Toner,https://www.oliveyoung.co.kr/store/goods/getGoodsDetail.do?goodsNo=A000000184965&dispCatNo=100000100010013&trackingCd=Cat100000100010013_Small&t_page=카테고리관&t_click=스킨/토너_전체__상품상세&t_number=72
Skin_Toner,https://www.oliveyoung.co.kr/store/goods/getGoodsDetail.do?goodsNo=A000000225492&dispCatNo=100000100010013&trackingCd=Cat100000100010013_Small&t_page=카테고리관&t_click=스킨/토너_전체__상품상세&t_number=73
Skin_Toner,https://www.oliveyoung.co.kr/store/goods/getGoodsDetail.do?goodsNo=A000000197102&dispCatNo=100000100010013&trackingCd=Cat100000100010013_Small&t_page=카테고리관&t_click=스킨/토너_전체__상품상세&t_number=74
Skin_Toner,https://www.oliveyoung.co.kr/store/goods/getGoodsDetail.do?goodsNo=A000000179255&dispCatNo=100000100010013&trackingCd=Cat100000100010013_Small&t_page=카테고리관&t_click=스킨/토너_전체__상품상세&t_number=75
Skin_Toner,https://www.oliveyoung.co.kr/store/goods/getGoodsDetail.do?goodsNo=A000000226486&dispCatNo=100000100010013&trackingCd=Cat100000100010013_Small&t_page=카테고리관&t_click=스킨/토너_전체__상품상세&t_number=76
Skin_Toner,https://www.oliveyoung.co.kr/store/goods/getGoodsDetail.do?goodsNo=A000000163510&dispCatNo=100000100010013&trackingCd=Cat100000100010013_Small&t_page=카테고리관&t_click=스킨/토너_전체__상품상세&t_number=77
Skin_Toner,https://www.oliveyoung.co.kr/store/goods/getGoodsDetail.do?goodsNo=A000000219625&dispCatNo=100000100010013&trackingCd=Cat100000100010013_Small&t_page=카테고리관&t_click=스킨/토너_전체__상품상세&t_number=78
Skin_Toner,https://www.oliveyoung.co.kr/store/goods/getGoodsDetail.do?goodsNo=A000000143228&dispCatNo=100000100010013&trackingCd=Cat100000100010013_Small&t_page=카테고리관&t_click=스킨/토너_전체__상품상세&t_number=79
Skin_Toner,https://www.oliveyoung.co.kr/store/goods/getGoodsDetail.do?goodsNo=A000000002839&dispCatNo=100000100010013&trackingCd=Cat100000100010013_Small&t_page=카테고리관&t_click=스킨/토너_전체__상품상세&t_number=80
Skin_Toner,https://www.oliveyoung.co.kr/store/goods/getGoodsDetail.do?goodsNo=A000000156959&dispCatNo=100000100010013&trackingCd=Cat100000100010013_Small&t_page=카테고리관&t_click=스킨/토너_전체__상품상세&t_number=81
Skin_Toner,https://www.oliveyoung.co.kr/store/goods/getGoodsDetail.do?goodsNo=A000000226474&dispCatNo=100000100010013&trackingCd=Cat100000100010013_Small&t_page=카테고리관&t_click=스킨/토너_전체__상품상세&t_number=82
Skin_Toner,https://www.oliveyoung.co.kr/store/goods/getGoodsDetail.do?goodsNo=A000000228350&dispCatNo=100000100010013&trackingCd=Cat100000100010013_Small&t_page=카테고리관&t_click=스킨/토너_전체__상품상세&t_number=83
Skin_Toner,https://www.oliveyoung.co.kr/store/goods/getGoodsDetail.do?goodsNo=A000000213407&dispCatNo=100000100010013&trackingCd=Cat100000100010013_Small&t_page=카테고리관&t_click=스킨/토너_전체__상품상세&t_number=84
Skin_Toner,https://www.oliveyoung.co.kr/store/goods/getGoodsDetail.do?goodsNo=A000000224812&dispCatNo=100000100010013&trackingCd=Cat100000100010013_Small&t_page=카테고리관&t_click=스킨/토너_전체__상품상세&t_number=85
Skin_Toner,https://www.oliveyoung.co.kr/store/goods/getGoodsDetail.do?goodsNo=A000000104167&dispCatNo=100000100010013&trackingCd=Cat100000100010013_Small&t_page=카테고리관&t_click=스킨/토너_전체__상품상세&t_number=86
Skin_Toner,https://www.oliveyoung.co.kr/store/goods/getGoodsDetail.do?goodsNo=A000000104169&dispCatNo=100000100010013&trackingCd=Cat100000100010013_Small&t_page=카테고리관&t_click=스킨/토너_전체__상품상세&t_number=87
Skin_Toner,https://www.oliveyoung.co.kr/store/goods/getGoodsDetail.do?goodsNo=A000000128323&dispCatNo=100000100010013&trackingCd=Cat100000100010013_Small&t_page=카테고리관&t_click=스킨/토너_전체__상품상세&t_number=88
Skin_Toner,https://www.oliveyoung.co.kr/store/goods/getGoodsDetail.do?goodsNo=A000000198874&dispCatNo=100000100010013&trackingCd=Cat100000100010013_Small&t_page=카테고리관&t_click=스킨/토너_전체__상품상세&t_number=89
Skin_Toner,https://www.oliveyoung.co.kr/store/goods/getGoodsDetail.do?goodsNo=A000000124507&dispCatNo=100000100010013&trackingCd=Cat100000100010013_Small&t_page=카테고리관&t_click=스킨/토너_전체__상품상세&t_number=90
Skin_Toner,https://www.oliveyoung.co.kr/store/goods/getGoodsDetail.do?goodsNo=A000000210771&dispCatNo=100000100010013&trackingCd=Cat100000100010013_Small&t_page=카테고리관&t_click=스킨/토너_전체__상품상세&t_number=91
Skin_Toner,https://www.oliveyoung.co.kr/store/goods/getGoodsDetail.do?goodsNo=A000000144052&dispCatNo=100000100010013&trackingCd=Cat100000100010013_Small&t_page=카테고리관&t_click=스킨/토너_전체__상품상세&t_number=92
Skin_Toner,https://www.oliveyoung.co.kr/store/goods/getGoodsDetail.do?goodsNo=A000000154375&dispCatNo=100000100010013&trackingCd=Cat100000100010013_Small&t_page=카테고리관&t_click=스킨/토너_전체__상품상세&t_number=93
Skin_Toner,https://www.oliveyoung.co.kr/store/goods/getGoodsDetail.do?goodsNo=A000000152514&dispCatNo=100000100010013&trackingCd=Cat100000100010013_Small&t_page=카테고리관&t_click=스킨/토너_전체__상품상세&t_number=94
Skin_Toner,https://www.oliveyoung.co.kr/store/goods/getGoodsDetail.do?goodsNo=A000000209908&dispCatNo=100000100010013&trackingCd=Cat100000100010013_Small&t_page=카테고리관&t_click=스킨/토너_전체__상품상세&t_number=95
Skin_Toner,https://www.oliveyoung.co.kr/store/goods/getGoodsDetail.do?goodsNo=A000000169683&dispCatNo=100000100010013&trackingCd=Cat100000100010013_Small&t_page=카테고리관&t_click=스킨/토너_전체__상품상세&t_number=96
Skin_Toner,https://www.oliveyoung.co.kr/store/goods/getGoodsDetail.do?goodsNo=A000000016873&dispCatNo=100000100010013&trackingCd=Cat100000100010013_Small&t_page=카테고리관&t_click=스킨/토너_전체__상품상세&t_number=97
Skin_Toner,https://www.oliveyoung.co.kr/store/goods/getGoodsDetail.do?goodsNo=A000000129443&dispCatNo=100000100010013&trackingCd=Cat100000100010013_Small&t_page=카테고리관&t_click=스킨/토너_전체__상품상세&t_number=98
Skin_Toner,https://www.oliveyoung.co.kr/store/goods/getGoodsDetail.do?goodsNo=A000000144551&dispCatNo=100000100010013&trackingCd=Cat100000100010013_Small&t_page=카테고리관&t_click=스킨/토너_전체__상품상세&t_number=99
Skin_Toner,https://www.oliveyoung.co.kr/store/goods/getGoodsDetail.do?goodsNo=A000000151356&dispCatNo=100000100010013&trackingCd=Cat100000100010013_Small&t_page=카테고리관&t_click=스킨/토너_전체__상품상세&t_number=100
Skin_Toner,https://www.oliveyoung.co.kr/store/goods/getGoodsDetail.do?goodsNo=A000000156148&dispCatNo=100000100010013&trackingCd=Cat100000100010013_Small&t_page=카테고리관&t_click=스킨/토너_전체__상품상세&t_number=101
Skin_Toner,https://www.oliveyoung.co.kr/store/goods/getGoodsDetail.do?goodsNo=A000000212250&dispCatNo=100000100010013&trackingCd=Cat100000100010013_Small&t_page=카테고리관&t_click=스킨/토너_전체__상품상세&t_number=102
Skin_Toner,https://www.oliveyoung.co.kr/store/goods/getGoodsDetail.do?goodsNo=A000000219435&dispCatNo=100000100010013&trackingCd=Cat100000100010013_Small&t_page=카테고리관&t_click=스킨/토너_전체__상품상세&t_number=103
Skin_Toner,https://www.oliveyoung.co.kr/store/goods/getGoodsDetail.do?goodsNo=A000000148899&dispCatNo=100000100010013&trackingCd=Cat100000100010013_Small&t_page=카테고리관&t_click=스킨/토너_전체__상품상세&t_number=104
Skin_Toner,https://www.oliveyoung.co.kr/store/goods/getGoodsDetail.do?goodsNo=A000000191246&dispCatNo=100000100010013&trackingCd=Cat100000100010013_Small&t_page=카테고리관&t_click=스킨/토너_전체__상품상세&t_number=105
Skin_Toner,https://www.oliveyoung.co.kr/store/goods/getGoodsDetail.do?goodsNo=A000000200039&dispCatNo=100000100010013&trackingCd=Cat100000100010013_Small&t_page=카테고리관&t_click=스킨/토너_전체__상품상세&t_number=106
Skin_Toner,https://www.oliveyoung.co.kr/store/goods/getGoodsDetail.do?goodsNo=A000000206419&dispCatNo=100000100010013&trackingCd=Cat100000100010013_Small&t_page=카테고리관&t_click=스킨/토너_전체__상품상세&t_number=107
Skin_Toner,https://www.oliveyoung.co.kr/store/goods/getGoodsDetail.do?goodsNo=A000000189404&dispCatNo=100000100010013&trackingCd=Cat100000100010013_Small&t_page=카테고리관&t_click=스킨/토너_전체__상품상세&t_number=108
Skin_Toner,https://www.oliveyoung.co.kr/store/goods/getGoodsDetail.do?goodsNo=A000000206958&dispCatNo=100000100010013&trackingCd=Cat100000100010013_Small&t_page=카테고리관&t_click=스킨/토너_전체__상품상세&t_number=109
Skin_Toner,https://www.oliveyoung.co.kr/store/goods/getGoodsDetail.do?goodsNo=A000000229509&dispCatNo=100000100010013&trackingCd=Cat100000100010013_Small&t_page=카테고리관&t_click=스킨/토너_전체__상품상세&t_number=110
Skin_Toner,https://www.oliveyoung.co.kr/store/goods/getGoodsDetail.do?goodsNo=A000000216613&dispCatNo=100000100010013&trackingCd=Cat100000100010013_Small&t_page=카테고리관&t_click=스킨/토너_전체__상품상세&t_number=111
Skin_Toner,https://www.oliveyoung.co.kr/store/goods/getGoodsDetail.do?goodsNo=A000000228908&dispCatNo=100000100010013&trackingCd=Cat100000100010013_Small&t_page=카테고리관&t_click=스킨/토너_전체__상품상세&t_number=112
Skin_Toner,https://www.oliveyoung.co.kr/store/goods/getGoodsDetail.do?goodsNo=A000000163417&dispCatNo=100000100010013&trackingCd=Cat100000100010013_Small&t_page=카테고리관&t_click=스킨/토너_전체__상품상세&t_number=113
Skin_Toner,https://www.oliveyoung.co.kr/store/goods/getGoodsDetail.do?goodsNo=A000000124509&dispCatNo=100000100010013&trackingCd=Cat100000100010013_Small&t_page=카테고리관&t_click=스킨/토너_전체__상품상세&t_number=114
Skin_Toner,https://www.oliveyoung.co.kr/store/goods/getGoodsDetail.do?goodsNo=A000000124512&dispCatNo=100000100010013&trackingCd=Cat100000100010013_Small&t_page=카테고리관&t_click=스킨/토너_전체__상품상세&t_number=115
Skin_Toner,https://www.oliveyoung.co.kr/store/goods/getGoodsDetail.do?goodsNo=A000000219985&dispCatNo=100000100010013&trackingCd=Cat100000100010013_Small&t_page=카테고리관&t_click=스킨/토너_전체__상품상세&t_number=116
Skin_Toner,https://www.oliveyoung.co.kr/store/goods/getGoodsDetail.do?goodsNo=A000000124493&dispCatNo=100000100010013&trackingCd=Cat100000100010013_Small&t_page=카테고리관&t_click=스킨/토너_전체__상품상세&t_number=117
Skin_Toner,https://www.oliveyoung.co.kr/store/goods/getGoodsDetail.do?goodsNo=A000000129444&dispCatNo=100000100010013&trackingCd=Cat100000100010013_Small&t_page=카테고리관&t_click=스킨/토너_전체__상품상세&t_number=118
Skin_Toner,https://www.oliveyoung.co.kr/store/goods/getGoodsDetail.do?goodsNo=A000000171614&dispCatNo=100000100010013&trackingCd=Cat100000100010013_Small&t_page=카테고리관&t_click=스킨/토너_전체__상품상세&t_number=119
Skin_Toner,https://www.oliveyoung.co.kr/store/goods/getGoodsDetail.do?goodsNo=A000000149122&dispCatNo=100000100010013&trackingCd=Cat100000100010013_Small&t_page=카테고리관&t_click=스킨/토너_전체__상품상세&t_number=120
Skin_Toner,https://www.oliveyoung.co.kr/store/goods/getGoodsDetail.do?goodsNo=A000000188048&dispCatNo=100000100010013&trackingCd=Cat100000100010013_Small&t_page=카테고리관&t_click=스킨/토너_전체__상품상세&t_number=121
Skin_Toner,https://www.oliveyoung.co.kr/store/goods/getGoodsDetail.do?goodsNo=A000000229470&dispCatNo=100000100010013&trackingCd=Cat100000100010013_Small&t_page=카테고리관&t_click=스킨/토너_전체__상품상세&t_number=122
Skin_Toner,https://www.oliveyoung.co.kr/store/goods/getGoodsDetail.do?goodsNo=A000000203564&dispCatNo=100000100010013&trackingCd=Cat100000100010013_Small&t_page=카테고리관&t_click=스킨/토너_전체__상품상세&t_number=123
Skin_Toner,https://www.oliveyoung.co.kr/store/goods/getGoodsDetail.do?goodsNo=A000000219387&dispCatNo=100000100010013&trackingCd=Cat100000100010013_Small&t_page=카테고리관&t_click=스킨/토너_전체__상품상세&t_number=124
Skin_Toner,https://www.oliveyoung.co.kr/store/goods/getGoodsDetail.do?goodsNo=A000000191773&dispCatNo=100000100010013&trackingCd=Cat100000100010013_Small&t_page=카테고리관&t_click=스킨/토너_전체__상품상세&t_number=125
Skin_Toner,https://www.oliveyoung.co.kr/store/goods/getGoodsDetail.do?goodsNo=A000000163493&dispCatNo=100000100010013&trackingCd=Cat100000100010013_Small&t_page=카테고리관&t_click=스킨/토너_전체__상품상세&t_number=126
Skin_Toner,https://www.oliveyoung.co.kr/store/goods/getGoodsDetail.do?goodsNo=A000000208896&dispCatNo=100000100010013&trackingCd=Cat100000100010013_Small&t_page=카테고리관&t_click=스킨/토너_전체__상품상세&t_number=127
Skin_Toner,https://www.oliveyoung.co.kr/store/goods/getGoodsDetail.do?goodsNo=A000000199847&dispCatNo=100000100010013&trackingCd=Cat100000100010013_Small&t_page=카테고리관&t_click=스킨/토너_전체__상품상세&t_number=128
Skin_Toner,https://www.oliveyoung.co.kr/store/goods/getGoodsDetail.do?goodsNo=A000000176512&dispCatNo=100000100010013&trackingCd=Cat100000100010013_Small&t_page=카테고리관&t_click=스킨/토너_전체__상품상세&t_number=129
Skin_Toner,https://www.oliveyoung.co.kr/store/goods/getGoodsDetail.do?goodsNo=A000000011085&dispCatNo=100000100010013&trackingCd=Cat100000100010013_Small&t_page=카테고리관&t_click=스킨/토너_전체__상품상세&t_number=130
Skin_Toner,https://www.oliveyoung.co.kr/store/goods/getGoodsDetail.do?goodsNo=A000000141327&dispCatNo=100000100010013&trackingCd=Cat100000100010013_Small&t_page=카테고리관&t_click=스킨/토너_전체__상품상세&t_number=131
Skin_Toner,https://www.oliveyoung.co.kr/store/goods/getGoodsDetail.do?goodsNo=A000000146262&dispCatNo=100000100010013&trackingCd=Cat100000100010013_Small&t_page=카테고리관&t_click=스킨/토너_전체__상품상세&t_number=132
Skin_Toner,https://www.oliveyoung.co.kr/store/goods/getGoodsDetail.do?goodsNo=A000000141417&dispCatNo=100000100010013&trackingCd=Cat100000100010013_Small&t_page=카테고리관&t_click=스킨/토너_전체__상품상세&t_number=133
Skin_Toner,https://www.oliveyoung.co.kr/store/goods/getGoodsDetail.do?goodsNo=A000000165364&dispCatNo=100000100010013&trackingCd=Cat100000100010013_Small&t_page=카테고리관&t_click=스킨/토너_전체__상품상세&t_number=134
Skin_Toner,https://www.oliveyoung.co.kr/store/goods/getGoodsDetail.do?goodsNo=A000000214992&dispCatNo=100000100010013&trackingCd=Cat100000100010013_Small&t_page=카테고리관&t_click=스킨/토너_전체__상품상세&t_number=135
Skin_Toner,https://www.oliveyoung.co.kr/store/goods/getGoodsDetail.do?goodsNo=A000000137388&dispCatNo=100000100010013&trackingCd=Cat100000100010013_Small&t_page=카테고리관&t_click=스킨/토너_전체__상품상세&t_number=136
Skin_Toner,https://www.oliveyoung.co.kr/store/goods/getGoodsDetail.do?goodsNo=A000000154506&dispCatNo=100000100010013&trackingCd=Cat100000100010013_Small&t_page=카테고리관&t_click=스킨/토너_전체__상품상세&t_number=137
Skin_Toner,https://www.oliveyoung.co.kr/store/goods/getGoodsDetail.do?goodsNo=A000000154540&dispCatNo=100000100010013&trackingCd=Cat100000100010013_Small&t_page=카테고리관&t_click=스킨/토너_전체__상품상세&t_number=138
Skin_Toner,https://www.oliveyoung.co.kr/store/goods/getGoodsDetail.do?goodsNo=A000000005766&dispCatNo=100000100010013&trackingCd=Cat100000100010013_Small&t_page=카테고리관&t_click=스킨/토너_전체__상품상세&t_number=139
Skin_Toner,https://www.oliveyoung.co.kr/store/goods/getGoodsDetail.do?goodsNo=A000000011084&dispCatNo=100000100010013&trackingCd=Cat100000100010013_Small&t_page=카테고리관&t_click=스킨/토너_전체__상품상세&t_number=140
Skin_Toner,https://www.oliveyoung.co.kr/store/goods/getGoodsDetail.do?goodsNo=A000000016751&dispCatNo=100000100010013&trackingCd=Cat100000100010013_Small&t_page=카테고리관&t_click=스킨/토너_전체__상품상세&t_number=141
Skin_Toner,https://www.oliveyoung.co.kr/store/goods/getGoodsDetail.do?goodsNo=A000000104970&dispCatNo=100000100010013&trackingCd=Cat100000100010013_Small&t_page=카테고리관&t_click=스킨/토너_전체__상품상세&t_number=142
Skin_Toner,https://www.oliveyoung.co.kr/store/goods/getGoodsDetail.do?goodsNo=A000000113008&dispCatNo=100000100010013&trackingCd=Cat100000100010013_Small&t_page=카테고리관&t_click=스킨/토너_전체__상품상세&t_number=143
Skin_Toner,https://www.oliveyoung.co.kr/store/goods/getGoodsDetail.do?goodsNo=A000000113009&dispCatNo=100000100010013&trackingCd=Cat100000100010013_Small&t_page=카테고리관&t_click=스킨/토너_전체__상품상세&t_number=144
Skin_Toner,https://www.oliveyoung.co.kr/store/goods/getGoodsDetail.do?goodsNo=A000000113010&dispCatNo=100000100010013&trackingCd=Cat100000100010013_Small&t_page=카테고리관&t_click=스킨/토너_전체__상품상세&t_number=145
Skin_Toner,https://www.oliveyoung.co.kr/store/goods/getGoodsDetail.do?goodsNo=A000000113011&dispCatNo=100000100010013&trackingCd=Cat100000100010013_Small&t_page=카테고리관&t_click=스킨/토너_전체__상품상세&t_number=146
Skin_Toner,https://www.oliveyoung.co.kr/store/goods/getGoodsDetail.do?goodsNo=A000000113012&dispCatNo=100000100010013&trackingCd=Cat100000100010013_Small&t_page=카테고리관&t_click=스킨/토너_전체__상품상세&t_number=147
Skin_Toner,https://www.oliveyoung.co.kr/store/goods/getGoodsDetail.do?goodsNo=A000000115384&dispCatNo=100000100010013&trackingCd=Cat100000100010013_Small&t_page=카테고리관&t_click=스킨/토너_전체__상품상세&t_number=148
Skin_Toner,https://www.oliveyoung.co.kr/store/goods/getGoodsDetail.do?goodsNo=A000000115420&dispCatNo=100000100010013&trackingCd=Cat100000100010013_Small&t_page=카테고리관&t_click=스킨/토너_전체__상품상세&t_number=149
Skin_Toner,https://www.oliveyoung.co.kr/store/goods/getGoodsDetail.do?goodsNo=A000000116658&dispCatNo=100000100010013&trackingCd=Cat100000100010013_Small&t_page=카테고리관&t_click=스킨/토너_전체__상품상세&t_number=150
Skin_Toner,https://www.oliveyoung.co.kr/store/goods/getGoodsDetail.do?goodsNo=A000000116659&dispCatNo=100000100010013&trackingCd=Cat100000100010013_Small&t_page=카테고리관&t_click=스킨/토너_전체__상품상세&t_number=151
Skin_Toner,https://www.oliveyoung.co.kr/store/goods/getGoodsDetail.do?goodsNo=A000000118247&dispCatNo=100000100010013&trackingCd=Cat100000100010013_Small&t_page=카테고리관&t_click=스킨/토너_전체__상품상세&t_number=152
Skin_Toner,https://www.oliveyoung.co.kr/store/goods/getGoodsDetail.do?goodsNo=A000000118427&dispCatNo=100000100010013&trackingCd=Cat100000100010013_Small&t_page=카테고리관&t_click=스킨/토너_전체__상품상세&t_number=153
Skin_Toner,https://www.oliveyoung.co.kr/store/goods/getGoodsDetail.do?goodsNo=A000000121246&dispCatNo=100000100010013&trackingCd=Cat100000100010013_Small&t_page=카테고리관&t_click=스킨/토너_전체__상품상세&t_number=154
Skin_Toner,https://www.oliveyoung.co.kr/store/goods/getGoodsDetail.do?goodsNo=A000000121269&dispCatNo=100000100010013&trackingCd=Cat100000100010013_Small&t_page=카테고리관&t_click=스킨/토너_전체__상품상세&t_number=155
Skin_Toner,https://www.oliveyoung.co.kr/store/goods/getGoodsDetail.do?goodsNo=A000000124495&dispCatNo=100000100010013&trackingCd=Cat100000100010013_Small&t_page=카테고리관&t_click=스킨/토너_전체__상품상세&t_number=156
Skin_Toner,https://www.oliveyoung.co.kr/store/goods/getGoodsDetail.do?goodsNo=A000000124496&dispCatNo=100000100010013&trackingCd=Cat100000100010013_Small&t_page=카테고리관&t_click=스킨/토너_전체__상품상세&t_number=157
Skin_Toner,https://www.oliveyoung.co.kr/store/goods/getGoodsDetail.do?goodsNo=A000000124499&dispCatNo=100000100010013&trackingCd=Cat100000100010013_Small&t_page=카테고리관&t_click=스킨/토너_전체__상품상세&t_number=158
Skin_Toner,https://www.oliveyoung.co.kr/store/goods/getGoodsDetail.do?goodsNo=A000000124501&dispCatNo=100000100010013&trackingCd=Cat100000100010013_Small&t_page=카테고리관&t_click=스킨/토너_전체__상품상세&t_number=159
Skin_Toner,https://www.oliveyoung.co.kr/store/goods/getGoodsDetail.do?goodsNo=A000000124502&dispCatNo=100000100010013&trackingCd=Cat100000100010013_Small&t_page=카테고리관&t_click=스킨/토너_전체__상품상세&t_number=160
Skin_Toner,https://www.oliveyoung.co.kr/store/goods/getGoodsDetail.do?goodsNo=A000000124503&dispCatNo=100000100010013&trackingCd=Cat100000100010013_Small&t_page=카테고리관&t_click=스킨/토너_전체__상품상세&t_number=161
Skin_Toner,https://www.oliveyoung.co.kr/store/goods/getGoodsDetail.do?goodsNo=A000000128107&dispCatNo=100000100010013&trackingCd=Cat100000100010013_Small&t_page=카테고리관&t_click=스킨/토너_전체__상품상세&t_number=162
Skin_Toner,https://www.oliveyoung.co.kr/store/goods/getGoodsDetail.do?goodsNo=A000000130513&dispCatNo=100000100010013&trackingCd=Cat100000100010013_Small&t_page=카테고리관&t_click=스킨/토너_전체__상품상세&t_number=163
Skin_Toner,https://www.oliveyoung.co.kr/store/goods/getGoodsDetail.do?goodsNo=A000000136077&dispCatNo=100000100010013&trackingCd=Cat100000100010013_Small&t_page=카테고리관&t_click=스킨/토너_전체__상품상세&t_number=164
Skin_Toner,https://www.oliveyoung.co.kr/store/goods/getGoodsDetail.do?goodsNo=A000000137417&dispCatNo=100000100010013&trackingCd=Cat100000100010013_Small&t_page=카테고리관&t_click=스킨/토너_전체__상품상세&t_number=165
Skin_Toner,https://www.oliveyoung.co.kr/store/goods/getGoodsDetail.do?goodsNo=A000000137445&dispCatNo=100000100010013&trackingCd=Cat100000100010013_Small&t_page=카테고리관&t_click=스킨/토너_전체__상품상세&t_number=166
Skin_Toner,https://www.oliveyoung.co.kr/store/goods/getGoodsDetail.do?goodsNo=A000000137657&dispCatNo=100000100010013&trackingCd=Cat100000100010013_Small&t_page=카테고리관&t_click=스킨/토너_전체__상품상세&t_number=167
Skin_Toner,https://www.oliveyoung.co.kr/store/goods/getGoodsDetail.do?goodsNo=A000000143193&dispCatNo=100000100010013&trackingCd=Cat100000100010013_Small&t_page=카테고리관&t_click=스킨/토너_전체__상품상세&t_number=168
Skin_Toner,https://www.oliveyoung.co.kr/store/goods/getGoodsDetail.do?goodsNo=A000000143244&dispCatNo=100000100010013&trackingCd=Cat100000100010013_Small&t_page=카테고리관&t_click=스킨/토너_전체__상품상세&t_number=169
Skin_Toner,https://www.oliveyoung.co.kr/store/goods/getGoodsDetail.do?goodsNo=A000000144122&dispCatNo=100000100010013&trackingCd=Cat100000100010013_Small&t_page=카테고리관&t_click=스킨/토너_전체__상품상세&t_number=170
Skin_Toner,https://www.oliveyoung.co.kr/store/goods/getGoodsDetail.do?goodsNo=A000000144807&dispCatNo=100000100010013&trackingCd=Cat100000100010013_Small&t_page=카테고리관&t_click=스킨/토너_전체__상품상세&t_number=171
Skin_Toner,https://www.oliveyoung.co.kr/store/goods/getGoodsDetail.do?goodsNo=A000000145833&dispCatNo=100000100010013&trackingCd=Cat100000100010013_Small&t_page=카테고리관&t_click=스킨/토너_전체__상품상세&t_number=172
Skin_Toner,https://www.oliveyoung.co.kr/store/goods/getGoodsDetail.do?goodsNo=A000000147002&dispCatNo=100000100010013&trackingCd=Cat100000100010013_Small&t_page=카테고리관&t_click=스킨/토너_전체__상품상세&t_number=173
Skin_Toner,https://www.oliveyoung.co.kr/store/goods/getGoodsDetail.do?goodsNo=A000000147360&dispCatNo=100000100010013&trackingCd=Cat100000100010013_Small&t_page=카테고리관&t_click=스킨/토너_전체__상품상세&t_number=174
Skin_Toner,https://www.oliveyoung.co.kr/store/goods/getGoodsDetail.do?goodsNo=A000000147660&dispCatNo=100000100010013&trackingCd=Cat100000100010013_Small&t_page=카테고리관&t_click=스킨/토너_전체__상품상세&t_number=175
Skin_Toner,https://www.oliveyoung.co.kr/store/goods/getGoodsDetail.do?goodsNo=A000000148252&dispCatNo=100000100010013&trackingCd=Cat100000100010013_Small&t_page=카테고리관&t_click=스킨/토너_전체__상품상세&t_number=176
Skin_Toner,https://www.oliveyoung.co.kr/store/goods/getGoodsDetail.do?goodsNo=A000000151524&dispCatNo=100000100010013&trackingCd=Cat100000100010013_Small&t_page=카테고리관&t_click=스킨/토너_전체__상품상세&t_number=177
Skin_Toner,https://www.oliveyoung.co.kr/store/goods/getGoodsDetail.do?goodsNo=A000000153859&dispCatNo=100000100010013&trackingCd=Cat100000100010013_Small&t_page=카테고리관&t_click=스킨/토너_전체__상품상세&t_number=178
Skin_Toner,https://www.oliveyoung.co.kr/store/goods/getGoodsDetail.do?goodsNo=A000000155413&dispCatNo=100000100010013&trackingCd=Cat100000100010013_Small&t_page=카테고리관&t_click=스킨/토너_전체__상품상세&t_number=179
Skin_Toner,https://www.oliveyoung.co.kr/store/goods/getGoodsDetail.do?goodsNo=A000000156040&dispCatNo=100000100010013&trackingCd=Cat100000100010013_Small&t_page=카테고리관&t_click=스킨/토너_전체__상품상세&t_number=180
Skin_Toner,https://www.oliveyoung.co.kr/store/goods/getGoodsDetail.do?goodsNo=A000000157294&dispCatNo=100000100010013&trackingCd=Cat100000100010013_Small&t_page=카테고리관&t_click=스킨/토너_전체__상품상세&t_number=181
Skin_Toner,https://www.oliveyoung.co.kr/store/goods/getGoodsDetail.do?goodsNo=A000000157768&dispCatNo=100000100010013&trackingCd=Cat100000100010013_Small&t_page=카테고리관&t_click=스킨/토너_전체__상품상세&t_number=182
Skin_Toner,https://www.oliveyoung.co.kr/store/goods/getGoodsDetail.do?goodsNo=A000000158322&dispCatNo=100000100010013&trackingCd=Cat100000100010013_Small&t_page=카테고리관&t_click=스킨/토너_전체__상품상세&t_number=183
Skin_Toner,https://www.oliveyoung.co.kr/store/goods/getGoodsDetail.do?goodsNo=A000000158921&dispCatNo=100000100010013&trackingCd=Cat100000100010013_Small&t_page=카테고리관&t_click=스킨/토너_전체__상품상세&t_number=184
Skin_Toner,https://www.oliveyoung.co.kr/store/goods/getGoodsDetail.do?goodsNo=A000000158930&dispCatNo=100000100010013&trackingCd=Cat100000100010013_Small&t_page=카테고리관&t_click=스킨/토너_전체__상품상세&t_number=185
Skin_Toner,https://www.oliveyoung.co.kr/store/goods/getGoodsDetail.do?goodsNo=A000000160436&dispCatNo=100000100010013&trackingCd=Cat100000100010013_Small&t_page=카테고리관&t_click=스킨/토너_전체__상품상세&t_number=186
Skin_Toner,https://www.oliveyoung.co.kr/store/goods/getGoodsDetail.do?goodsNo=A000000160562&dispCatNo=100000100010013&trackingCd=Cat100000100010013_Small&t_page=카테고리관&t_click=스킨/토너_전체__상품상세&t_number=187
Skin_Toner,https://www.oliveyoung.co.kr/store/goods/getGoodsDetail.do?goodsNo=A000000160650&dispCatNo=100000100010013&trackingCd=Cat100000100010013_Small&t_page=카테고리관&t_click=스킨/토너_전체__상품상세&t_number=188
Skin_Toner,https://www.oliveyoung.co.kr/store/goods/getGoodsDetail.do?goodsNo=A000000161036&dispCatNo=100000100010013&trackingCd=Cat100000100010013_Small&t_page=카테고리관&t_click=스킨/토너_전체__상품상세&t_number=189
Skin_Toner,https://www.oliveyoung.co.kr/store/goods/getGoodsDetail.do?goodsNo=A000000161314&dispCatNo=100000100010013&trackingCd=Cat100000100010013_Small&t_page=카테고리관&t_click=스킨/토너_전체__상품상세&t_number=190
Skin_Toner,https://www.oliveyoung.co.kr/store/goods/getGoodsDetail.do?goodsNo=A000000162056&dispCatNo=100000100010013&trackingCd=Cat100000100010013_Small&t_page=카테고리관&t_click=스킨/토너_전체__상품상세&t_number=191
Skin_Toner,https://www.oliveyoung.co.kr/store/goods/getGoodsDetail.do?goodsNo=A000000162058&dispCatNo=100000100010013&trackingCd=Cat100000100010013_Small&t_page=카테고리관&t_click=스킨/토너_전체__상품상세&t_number=192
Skin_Toner,https://www.oliveyoung.co.kr/store/goods/getGoodsDetail.do?goodsNo=A000000162618&dispCatNo=100000100010013&trackingCd=Cat100000100010013_Small&t_page=카테고리관&t_click=스킨/토너_전체__상품상세&t_number=193
Skin_Toner,https://www.oliveyoung.co.kr/store/goods/getGoodsDetail.do?goodsNo=A000000162977&dispCatNo=100000100010013&trackingCd=Cat100000100010013_Small&t_page=카테고리관&t_click=스킨/토너_전체__상품상세&t_number=194
Skin_Toner,https://www.oliveyoung.co.kr/store/goods/getGoodsDetail.do?goodsNo=A000000163734&dispCatNo=100000100010013&trackingCd=Cat100000100010013_Small&t_page=카테고리관&t_click=스킨/토너_전체__상품상세&t_number=195
Skin_Toner,https://www.oliveyoung.co.kr/store/goods/getGoodsDetail.do?goodsNo=A000000165303&dispCatNo=100000100010013&trackingCd=Cat100000100010013_Small&t_page=카테고리관&t_click=스킨/토너_전체__상품상세&t_number=196
Skin_Toner,https://www.oliveyoung.co.kr/store/goods/getGoodsDetail.do?goodsNo=A000000165360&dispCatNo=100000100010013&trackingCd=Cat100000100010013_Small&t_page=카테고리관&t_click=스킨/토너_전체__상품상세&t_number=197
Skin_Toner,https://www.oliveyoung.co.kr/store/goods/getGoodsDetail.do?goodsNo=A000000165366&dispCatNo=100000100010013&trackingCd=Cat100000100010013_Small&t_page=카테고리관&t_click=스킨/토너_전체__상품상세&t_number=198
Skin_Toner,https://www.oliveyoung.co.kr/store/goods/getGoodsDetail.do?goodsNo=A000000167276&dispCatNo=100000100010013&trackingCd=Cat100000100010013_Small&t_page=카테고리관&t_click=스킨/토너_전체__상품상세&t_number=199
Skin_Toner,https://www.oliveyoung.co.kr/store/goods/getGoodsDetail.do?goodsNo=A000000167841&dispCatNo=100000100010013&trackingCd=Cat100000100010013_Small&t_page=카테고리관&t_click=스킨/토너_전체__상품상세&t_number=200
Skin_Toner,https://www.oliveyoung.co.kr/store/goods/getGoodsDetail.do?goodsNo=A000000167843&dispCatNo=100000100010013&trackingCd=Cat100000100010013_Small&t_page=카테고리관&t_click=스킨/토너_전체__상품상세&t_number=201
Skin_Toner,https://www.oliveyoung.co.kr/store/goods/getGoodsDetail.do?goodsNo=A000000167845&dispCatNo=100000100010013&trackingCd=Cat100000100010013_Small&t_page=카테고리관&t_click=스킨/토너_전체__상품상세&t_number=202
Skin_Toner,https://www.oliveyoung.co.kr/store/goods/getGoodsDetail.do?goodsNo=A000000168269&dispCatNo=100000100010013&trackingCd=Cat100000100010013_Small&t_page=카테고리관&t_click=스킨/토너_전체__상품상세&t_number=203
Skin_Toner,https://www.oliveyoung.co.kr/store/goods/getGoodsDetail.do?goodsNo=A000000169179&dispCatNo=100000100010013&trackingCd=Cat100000100010013_Small&t_page=카테고리관&t_click=스킨/토너_전체__상품상세&t_number=204
Skin_Toner,https://www.oliveyoung.co.kr/store/goods/getGoodsDetail.do?goodsNo=A000000169999&dispCatNo=100000100010013&trackingCd=Cat100000100010013_Small&t_page=카테고리관&t_click=스킨/토너_전체__상품상세&t_number=205
Skin_Toner,https://www.oliveyoung.co.kr/store/goods/getGoodsDetail.do?goodsNo=A000000170038&dispCatNo=100000100010013&trackingCd=Cat100000100010013_Small&t_page=카테고리관&t_click=스킨/토너_전체__상품상세&t_number=206
Skin_Toner,https://www.oliveyoung.co.kr/store/goods/getGoodsDetail.do?goodsNo=A000000170638&dispCatNo=100000100010013&trackingCd=Cat100000100010013_Small&t_page=카테고리관&t_click=스킨/토너_전체__상품상세&t_number=207
Skin_Toner,https://www.oliveyoung.co.kr/store/goods/getGoodsDetail.do?goodsNo=A000000171132&dispCatNo=100000100010013&trackingCd=Cat100000100010013_Small&t_page=카테고리관&t_click=스킨/토너_전체__상품상세&t_number=208
Skin_Toner,https://www.oliveyoung.co.kr/store/goods/getGoodsDetail.do?goodsNo=A000000171755&dispCatNo=100000100010013&trackingCd=Cat100000100010013_Small&t_page=카테고리관&t_click=스킨/토너_전체__상품상세&t_number=209
Skin_Toner,https://www.oliveyoung.co.kr/store/goods/getGoodsDetail.do?goodsNo=A000000176320&dispCatNo=100000100010013&trackingCd=Cat100000100010013_Small&t_page=카테고리관&t_click=스킨/토너_전체__상품상세&t_number=210
Skin_Toner,https://www.oliveyoung.co.kr/store/goods/getGoodsDetail.do?goodsNo=A000000176978&dispCatNo=100000100010013&trackingCd=Cat100000100010013_Small&t_page=카테고리관&t_click=스킨/토너_전체__상품상세&t_number=211
Skin_Toner,https://www.oliveyoung.co.kr/store/goods/getGoodsDetail.do?goodsNo=A000000177477&dispCatNo=100000100010013&trackingCd=Cat100000100010013_Small&t_page=카테고리관&t_click=스킨/토너_전체__상품상세&t_number=212
Skin_Toner,https://www.oliveyoung.co.kr/store/goods/getGoodsDetail.do?goodsNo=A000000177757&dispCatNo=100000100010013&trackingCd=Cat100000100010013_Small&t_page=카테고리관&t_click=스킨/토너_전체__상품상세&t_number=213
Skin_Toner,https://www.oliveyoung.co.kr/store/goods/getGoodsDetail.do?goodsNo=A000000178075&dispCatNo=100000100010013&trackingCd=Cat100000100010013_Small&t_page=카테고리관&t_click=스킨/토너_전체__상품상세&t_number=214
Skin_Toner,https://www.oliveyoung.co.kr/store/goods/getGoodsDetail.do?goodsNo=A000000178514&dispCatNo=100000100010013&trackingCd=Cat100000100010013_Small&t_page=카테고리관&t_click=스킨/토너_전체__상품상세&t_number=215
Skin_Toner,https://www.oliveyoung.co.kr/store/goods/getGoodsDetail.do?goodsNo=A000000178648&dispCatNo=100000100010013&trackingCd=Cat100000100010013_Small&t_page=카테고리관&t_click=스킨/토너_전체__상품상세&t_number=216
Skin_Toner,https://www.oliveyoung.co.kr/store/goods/getGoodsDetail.do?goodsNo=A000000179544&dispCatNo=100000100010013&trackingCd=Cat100000100010013_Small&t_page=카테고리관&t_click=스킨/토너_전체__상품상세&t_number=217
Skin_Toner,https://www.oliveyoung.co.kr/store/goods/getGoodsDetail.do?goodsNo=A000000180913&dispCatNo=100000100010013&trackingCd=Cat100000100010013_Small&t_page=카테고리관&t_click=스킨/토너_전체__상품상세&t_number=218
Skin_Toner,https://www.oliveyoung.co.kr/store/goods/getGoodsDetail.do?goodsNo=A000000181193&dispCatNo=100000100010013&trackingCd=Cat100000100010013_Small&t_page=카테고리관&t_click=스킨/토너_전체__상품상세&t_number=219
Skin_Toner,https://www.oliveyoung.co.kr/store/goods/getGoodsDetail.do?goodsNo=A000000181312&dispCatNo=100000100010013&trackingCd=Cat100000100010013_Small&t_page=카테고리관&t_click=스킨/토너_전체__상품상세&t_number=220
Skin_Toner,https://www.oliveyoung.co.kr/store/goods/getGoodsDetail.do?goodsNo=A000000182486&dispCatNo=100000100010013&trackingCd=Cat100000100010013_Small&t_page=카테고리관&t_click=스킨/토너_전체__상품상세&t_number=221
Skin_Toner,https://www.oliveyoung.co.kr/store/goods/getGoodsDetail.do?goodsNo=A000000183209&dispCatNo=100000100010013&trackingCd=Cat100000100010013_Small&t_page=카테고리관&t_click=스킨/토너_전체__상품상세&t_number=222
Skin_Toner,https://www.oliveyoung.co.kr/store/goods/getGoodsDetail.do?goodsNo=A000000184771&dispCatNo=100000100010013&trackingCd=Cat100000100010013_Small&t_page=카테고리관&t_click=스킨/토너_전체__상품상세&t_number=223
Skin_Toner,https://www.oliveyoung.co.kr/store/goods/getGoodsDetail.do?goodsNo=A000000185109&dispCatNo=100000100010013&trackingCd=Cat100000100010013_Small&t_page=카테고리관&t_click=스킨/토너_전체__상품상세&t_number=224
Skin_Toner,https://www.oliveyoung.co.kr/store/goods/getGoodsDetail.do?goodsNo=A000000185156&dispCatNo=100000100010013&trackingCd=Cat100000100010013_Small&t_page=카테고리관&t_click=스킨/토너_전체__상품상세&t_number=225
Skin_Toner,https://www.oliveyoung.co.kr/store/goods/getGoodsDetail.do?goodsNo=A000000185589&dispCatNo=100000100010013&trackingCd=Cat100000100010013_Small&t_page=카테고리관&t_click=스킨/토너_전체__상품상세&t_number=226
Skin_Toner,https://www.oliveyoung.co.kr/store/goods/getGoodsDetail.do?goodsNo=A000000186732&dispCatNo=100000100010013&trackingCd=Cat100000100010013_Small&t_page=카테고리관&t_click=스킨/토너_전체__상품상세&t_number=227
Skin_Toner,https://www.oliveyoung.co.kr/store/goods/getGoodsDetail.do?goodsNo=A000000187241&dispCatNo=100000100010013&trackingCd=Cat100000100010013_Small&t_page=카테고리관&t_click=스킨/토너_전체__상품상세&t_number=228
Skin_Toner,https://www.oliveyoung.co.kr/store/goods/getGoodsDetail.do?goodsNo=A000000187585&dispCatNo=100000100010013&trackingCd=Cat100000100010013_Small&t_page=카테고리관&t_click=스킨/토너_전체__상품상세&t_number=229
Skin_Toner,https://www.oliveyoung.co.kr/store/goods/getGoodsDetail.do?goodsNo=A000000187652&dispCatNo=100000100010013&trackingCd=Cat100000100010013_Small&t_page=카테고리관&t_click=스킨/토너_전체__상품상세&t_number=230
Skin_Toner,https://www.oliveyoung.co.kr/store/goods/getGoodsDetail.do?goodsNo=A000000188598&dispCatNo=100000100010013&trackingCd=Cat100000100010013_Small&t_page=카테고리관&t_click=스킨/토너_전체__상품상세&t_number=231
Skin_Toner,https://www.oliveyoung.co.kr/store/goods/getGoodsDetail.do?goodsNo=A000000188830&dispCatNo=100000100010013&trackingCd=Cat100000100010013_Small&t_page=카테고리관&t_click=스킨/토너_전체__상품상세&t_number=232
Skin_Toner,https://www.oliveyoung.co.kr/store/goods/getGoodsDetail.do?goodsNo=A000000189586&dispCatNo=100000100010013&trackingCd=Cat100000100010013_Small&t_page=카테고리관&t_click=스킨/토너_전체__상품상세&t_number=233
Skin_Toner,https://www.oliveyoung.co.kr/store/goods/getGoodsDetail.do?goodsNo=A000000190990&dispCatNo=100000100010013&trackingCd=Cat100000100010013_Small&t_page=카테고리관&t_click=스킨/토너_전체__상품상세&t_number=234
Skin_Toner,https://www.oliveyoung.co.kr/store/goods/getGoodsDetail.do?goodsNo=A000000191827&dispCatNo=100000100010013&trackingCd=Cat100000100010013_Small&t_page=카테고리관&t_click=스킨/토너_전체__상품상세&t_number=235
Skin_Toner,https://www.oliveyoung.co.kr/store/goods/getGoodsDetail.do?goodsNo=A000000191894&dispCatNo=100000100010013&trackingCd=Cat100000100010013_Small&t_page=카테고리관&t_click=스킨/토너_전체__상품상세&t_number=236
Skin_Toner,https://www.oliveyoung.co.kr/store/goods/getGoodsDetail.do?goodsNo=A000000195660&dispCatNo=100000100010013&trackingCd=Cat100000100010013_Small&t_page=카테고리관&t_click=스킨/토너_전체__상품상세&t_number=237
Skin_Toner,https://www.oliveyoung.co.kr/store/goods/getGoodsDetail.do?goodsNo=A000000197660&dispCatNo=100000100010013&trackingCd=Cat100000100010013_Small&t_page=카테고리관&t_click=스킨/토너_전체__상품상세&t_number=238
Skin_Toner,https://www.oliveyoung.co.kr/store/goods/getGoodsDetail.do?goodsNo=A000000198625&dispCatNo=100000100010013&trackingCd=Cat100000100010013_Small&t_page=카테고리관&t_click=스킨/토너_전체__상품상세&t_number=239
Skin_Toner,https://www.oliveyoung.co.kr/store/goods/getGoodsDetail.do?goodsNo=A000000198834&dispCatNo=100000100010013&trackingCd=Cat100000100010013_Small&t_page=카테고리관&t_click=스킨/토너_전체__상품상세&t_number=240
Skin_Toner,https://www.oliveyoung.co.kr/store/goods/getGoodsDetail.do?goodsNo=A000000199153&dispCatNo=100000100010013&trackingCd=Cat100000100010013_Small&t_page=카테고리관&t_click=스킨/토너_전체__상품상세&t_number=241
Skin_Toner,https://www.oliveyoung.co.kr/store/goods/getGoodsDetail.do?goodsNo=A000000199399&dispCatNo=100000100010013&trackingCd=Cat100000100010013_Small&t_page=카테고리관&t_click=스킨/토너_전체__상품상세&t_number=242
Skin_Toner,https://www.oliveyoung.co.kr/store/goods/getGoodsDetail.do?goodsNo=A000000199411&dispCatNo=100000100010013&trackingCd=Cat100000100010013_Small&t_page=카테고리관&t_click=스킨/토너_전체__상품상세&t_number=243
Skin_Toner,https://www.oliveyoung.co.kr/store/goods/getGoodsDetail.do?goodsNo=A000000199507&dispCatNo=100000100010013&trackingCd=Cat100000100010013_Small&t_page=카테고리관&t_click=스킨/토너_전체__상품상세&t_number=244
Skin_Toner,https://www.oliveyoung.co.kr/store/goods/getGoodsDetail.do?goodsNo=A000000199652&dispCatNo=100000100010013&trackingCd=Cat100000100010013_Small&t_page=카테고리관&t_click=스킨/토너_전체__상품상세&t_number=245
Skin_Toner,https://www.oliveyoung.co.kr/store/goods/getGoodsDetail.do?goodsNo=A000000199777&dispCatNo=100000100010013&trackingCd=Cat100000100010013_Small&t_page=카테고리관&t_click=스킨/토너_전체__상품상세&t_number=246
Skin_Toner,https://www.oliveyoung.co.kr/store/goods/getGoodsDetail.do?goodsNo=A000000199824&dispCatNo=100000100010013&trackingCd=Cat100000100010013_Small&t_page=카테고리관&t_click=스킨/토너_전체__상품상세&t_number=247
Skin_Toner,https://www.oliveyoung.co.kr/store/goods/getGoodsDetail.do?goodsNo=A000000199836&dispCatNo=100000100010013&trackingCd=Cat100000100010013_Small&t_page=카테고리관&t_click=스킨/토너_전체__상품상세&t_number=248
Skin_Toner,https://www.oliveyoung.co.kr/store/goods/getGoodsDetail.do?goodsNo=A000000200229&dispCatNo=100000100010013&trackingCd=Cat100000100010013_Small&t_page=카테고리관&t_click=스킨/토너_전체__상품상세&t_number=249
Skin_Toner,https://www.oliveyoung.co.kr/store/goods/getGoodsDetail.do?goodsNo=A000000201363&dispCatNo=100000100010013&trackingCd=Cat100000100010013_Small&t_page=카테고리관&t_click=스킨/토너_전체__상품상세&t_number=250
Skin_Toner,https://www.oliveyoung.co.kr/store/goods/getGoodsDetail.do?goodsNo=A000000201650&dispCatNo=100000100010013&trackingCd=Cat100000100010013_Small&t_page=카테고리관&t_click=스킨/토너_전체__상품상세&t_number=251
Skin_Toner,https://www.oliveyoung.co.kr/store/goods/getGoodsDetail.do?goodsNo=A000000204157&dispCatNo=100000100010013&trackingCd=Cat100000100010013_Small&t_page=카테고리관&t_click=스킨/토너_전체__상품상세&t_number=252
Skin_Toner,https://www.oliveyoung.co.kr/store/goods/getGoodsDetail.do?goodsNo=A000000204454&dispCatNo=100000100010013&trackingCd=Cat100000100010013_Small&t_page=카테고리관&t_click=스킨/토너_전체__상품상세&t_number=253
Skin_Toner,https://www.oliveyoung.co.kr/store/goods/getGoodsDetail.do?goodsNo=A000000204623&dispCatNo=100000100010013&trackingCd=Cat100000100010013_Small&t_page=카테고리관&t_click=스킨/토너_전체__상품상세&t_number=254
Skin_Toner,https://www.oliveyoung.co.kr/store/goods/getGoodsDetail.do?goodsNo=A000000204639&dispCatNo=100000100010013&trackingCd=Cat100000100010013_Small&t_page=카테고리관&t_click=스킨/토너_전체__상품상세&t_number=255
Skin_Toner,https://www.oliveyoung.co.kr/store/goods/getGoodsDetail.do?goodsNo=A000000204652&dispCatNo=100000100010013&trackingCd=Cat100000100010013_Small&t_page=카테고리관&t_click=스킨/토너_전체__상품상세&t_number=256
Skin_Toner,https://www.oliveyoung.co.kr/store/goods/getGoodsDetail.do?goodsNo=A000000205391&dispCatNo=100000100010013&trackingCd=Cat100000100010013_Small&t_page=카테고리관&t_click=스킨/토너_전체__상품상세&t_number=257
Skin_Toner,https://www.oliveyoung.co.kr/store/goods/getGoodsDetail.do?goodsNo=A000000205919&dispCatNo=100000100010013&trackingCd=Cat100000100010013_Small&t_page=카테고리관&t_click=스킨/토너_전체__상품상세&t_number=258
Skin_Toner,https://www.oliveyoung.co.kr/store/goods/getGoodsDetail.do?goodsNo=A000000206220&dispCatNo=100000100010013&trackingCd=Cat100000100010013_Small&t_page=카테고리관&t_click=스킨/토너_전체__상품상세&t_number=259
Skin_Toner,https://www.oliveyoung.co.kr/store/goods/getGoodsDetail.do?goodsNo=A000000206289&dispCatNo=100000100010013&trackingCd=Cat100000100010013_Small&t_page=카테고리관&t_click=스킨/토너_전체__상품상세&t_number=260
Skin_Toner,https://www.oliveyoung.co.kr/store/goods/getGoodsDetail.do?goodsNo=A000000206418&dispCatNo=100000100010013&trackingCd=Cat100000100010013_Small&t_page=카테고리관&t_click=스킨/토너_전체__상품상세&t_number=261
Skin_Toner,https://www.oliveyoung.co.kr/store/goods/getGoodsDetail.do?goodsNo=A000000206424&dispCatNo=100000100010013&trackingCd=Cat100000100010013_Small&t_page=카테고리관&t_click=스킨/토너_전체__상품상세&t_number=262
Skin_Toner,https://www.oliveyoung.co.kr/store/goods/getGoodsDetail.do?goodsNo=A000000206847&dispCatNo=100000100010013&trackingCd=Cat100000100010013_Small&t_page=카테고리관&t_click=스킨/토너_전체__상품상세&t_number=263
Skin_Toner,https://www.oliveyoung.co.kr/store/goods/getGoodsDetail.do?goodsNo=A000000207006&dispCatNo=100000100010013&trackingCd=Cat100000100010013_Small&t_page=카테고리관&t_click=스킨/토너_전체__상품상세&t_number=264
Skin_Toner,https://www.oliveyoung.co.kr/store/goods/getGoodsDetail.do?goodsNo=A000000207031&dispCatNo=100000100010013&trackingCd=Cat100000100010013_Small&t_page=카테고리관&t_click=스킨/토너_전체__상품상세&t_number=265
Skin_Toner,https://www.oliveyoung.co.kr/store/goods/getGoodsDetail.do?goodsNo=A000000208030&dispCatNo=100000100010013&trackingCd=Cat100000100010013_Small&t_page=카테고리관&t_click=스킨/토너_전체__상품상세&t_number=266
Skin_Toner,https://www.oliveyoung.co.kr/store/goods/getGoodsDetail.do?goodsNo=A000000208381&dispCatNo=100000100010013&trackingCd=Cat100000100010013_Small&t_page=카테고리관&t_click=스킨/토너_전체__상품상세&t_number=267
Skin_Toner,https://www.oliveyoung.co.kr/store/goods/getGoodsDetail.do?goodsNo=A000000208718&dispCatNo=100000100010013&trackingCd=Cat100000100010013_Small&t_page=카테고리관&t_click=스킨/토너_전체__상품상세&t_number=268
Skin_Toner,https://www.oliveyoung.co.kr/store/goods/getGoodsDetail.do?goodsNo=A000000208986&dispCatNo=100000100010013&trackingCd=Cat100000100010013_Small&t_page=카테고리관&t_click=스킨/토너_전체__상품상세&t_number=269
Skin_Toner,https://www.oliveyoung.co.kr/store/goods/getGoodsDetail.do?goodsNo=A000000209588&dispCatNo=100000100010013&trackingCd=Cat100000100010013_Small&t_page=카테고리관&t_click=스킨/토너_전체__상품상세&t_number=270
Skin_Toner,https://www.oliveyoung.co.kr/store/goods/getGoodsDetail.do?goodsNo=A000000209641&dispCatNo=100000100010013&trackingCd=Cat100000100010013_Small&t_page=카테고리관&t_click=스킨/토너_전체__상품상세&t_number=271
Skin_Toner,https://www.oliveyoung.co.kr/store/goods/getGoodsDetail.do?goodsNo=A000000209712&dispCatNo=100000100010013&trackingCd=Cat100000100010013_Small&t_page=카테고리관&t_click=스킨/토너_전체__상품상세&t_number=272
Skin_Toner,https://www.oliveyoung.co.kr/store/goods/getGoodsDetail.do?goodsNo=A000000209725&dispCatNo=100000100010013&trackingCd=Cat100000100010013_Small&t_page=카테고리관&t_click=스킨/토너_전체__상품상세&t_number=273
Skin_Toner,https://www.oliveyoung.co.kr/store/goods/getGoodsDetail.do?goodsNo=A000000210050&dispCatNo=100000100010013&trackingCd=Cat100000100010013_Small&t_page=카테고리관&t_click=스킨/토너_전체__상품상세&t_number=274
Skin_Toner,https://www.oliveyoung.co.kr/store/goods/getGoodsDetail.do?goodsNo=A000000210171&dispCatNo=100000100010013&trackingCd=Cat100000100010013_Small&t_page=카테고리관&t_click=스킨/토너_전체__상품상세&t_number=275
Skin_Toner,https://www.oliveyoung.co.kr/store/goods/getGoodsDetail.do?goodsNo=A000000210292&dispCatNo=100000100010013&trackingCd=Cat100000100010013_Small&t_page=카테고리관&t_click=스킨/토너_전체__상품상세&t_number=276
Skin_Toner,https://www.oliveyoung.co.kr/store/goods/getGoodsDetail.do?goodsNo=A000000210471&dispCatNo=100000100010013&trackingCd=Cat100000100010013_Small&t_page=카테고리관&t_click=스킨/토너_전체__상품상세&t_number=277
Skin_Toner,https://www.oliveyoung.co.kr/store/goods/getGoodsDetail.do?goodsNo=A000000210475&dispCatNo=100000100010013&trackingCd=Cat100000100010013_Small&t_page=카테고리관&t_click=스킨/토너_전체__상품상세&t_number=278
Skin_Toner,https://www.oliveyoung.co.kr/store/goods/getGoodsDetail.do?goodsNo=A000000210479&dispCatNo=100000100010013&trackingCd=Cat100000100010013_Small&t_page=카테고리관&t_click=스킨/토너_전체__상품상세&t_number=279
Skin_Toner,https://www.oliveyoung.co.kr/store/goods/getGoodsDetail.do?goodsNo=A000000210950&dispCatNo=100000100010013&trackingCd=Cat100000100010013_Small&t_page=카테고리관&t_click=스킨/토너_전체__상품상세&t_number=280
Skin_Toner,https://www.oliveyoung.co.kr/store/goods/getGoodsDetail.do?goodsNo=A000000211001&dispCatNo=100000100010013&trackingCd=Cat100000100010013_Small&t_page=카테고리관&t_click=스킨/토너_전체__상품상세&t_number=281
Skin_Toner,https://www.oliveyoung.co.kr/store/goods/getGoodsDetail.do?goodsNo=A000000211133&dispCatNo=100000100010013&trackingCd=Cat100000100010013_Small&t_page=카테고리관&t_click=스킨/토너_전체__상품상세&t_number=282
Skin_Toner,https://www.oliveyoung.co.kr/store/goods/getGoodsDetail.do?goodsNo=A000000211218&dispCatNo=100000100010013&trackingCd=Cat100000100010013_Small&t_page=카테고리관&t_click=스킨/토너_전체__상품상세&t_number=283
Skin_Toner,https://www.oliveyoung.co.kr/store/goods/getGoodsDetail.do?goodsNo=A000000211219&dispCatNo=100000100010013&trackingCd=Cat100000100010013_Small&t_page=카테고리관&t_click=스킨/토너_전체__상품상세&t_number=284
Skin_Toner,https://www.oliveyoung.co.kr/store/goods/getGoodsDetail.do?goodsNo=A000000211569&dispCatNo=100000100010013&trackingCd=Cat100000100010013_Small&t_page=카테고리관&t_click=스킨/토너_전체__상품상세&t_number=285
Skin_Toner,https://www.oliveyoung.co.kr/store/goods/getGoodsDetail.do?goodsNo=A000000211858&dispCatNo=100000100010013&trackingCd=Cat100000100010013_Small&t_page=카테고리관&t_click=스킨/토너_전체__상품상세&t_number=286
Skin_Toner,https://www.oliveyoung.co.kr/store/goods/getGoodsDetail.do?goodsNo=A000000211927&dispCatNo=100000100010013&trackingCd=Cat100000100010013_Small&t_page=카테고리관&t_click=스킨/토너_전체__상품상세&t_number=287
Skin_Toner,https://www.oliveyoung.co.kr/store/goods/getGoodsDetail.do?goodsNo=A000000212792&dispCatNo=100000100010013&trackingCd=Cat100000100010013_Small&t_page=카테고리관&t_click=스킨/토너_전체__상품상세&t_number=288
Skin_Toner,https://www.oliveyoung.co.kr/store/goods/getGoodsDetail.do?goodsNo=A000000212908&dispCatNo=100000100010013&trackingCd=Cat100000100010013_Small&t_page=카테고리관&t_click=스킨/토너_전체__상품상세&t_number=289
Skin_Toner,https://www.oliveyoung.co.kr/store/goods/getGoodsDetail.do?goodsNo=A000000213097&dispCatNo=100000100010013&trackingCd=Cat100000100010013_Small&t_page=카테고리관&t_click=스킨/토너_전체__상품상세&t_number=290
Skin_Toner,https://www.oliveyoung.co.kr/store/goods/getGoodsDetail.do?goodsNo=A000000213385&dispCatNo=100000100010013&trackingCd=Cat100000100010013_Small&t_page=카테고리관&t_click=스킨/토너_전체__상품상세&t_number=291
Skin_Toner,https://www.oliveyoung.co.kr/store/goods/getGoodsDetail.do?goodsNo=A000000213950&dispCatNo=100000100010013&trackingCd=Cat100000100010013_Small&t_page=카테고리관&t_click=스킨/토너_전체__상품상세&t_number=292
Skin_Toner,https://www.oliveyoung.co.kr/store/goods/getGoodsDetail.do?goodsNo=A000000214034&dispCatNo=100000100010013&trackingCd=Cat100000100010013_Small&t_page=카테고리관&t_click=스킨/토너_전체__상품상세&t_number=293
Skin_Toner,https://www.oliveyoung.co.kr/store/goods/getGoodsDetail.do?goodsNo=A000000214134&dispCatNo=100000100010013&trackingCd=Cat100000100010013_Small&t_page=카테고리관&t_click=스킨/토너_전체__상품상세&t_number=294
Skin_Toner,https://www.oliveyoung.co.kr/store/goods/getGoodsDetail.do?goodsNo=A000000214177&dispCatNo=100000100010013&trackingCd=Cat100000100010013_Small&t_page=카테고리관&t_click=스킨/토너_전체__상품상세&t_number=295
Skin_Toner,https://www.oliveyoung.co.kr/store/goods/getGoodsDetail.do?goodsNo=A000000214179&dispCatNo=100000100010013&trackingCd=Cat100000100010013_Small&t_page=카테고리관&t_click=스킨/토너_전체__상품상세&t_number=296
Skin_Toner,https://www.oliveyoung.co.kr/store/goods/getGoodsDetail.do?goodsNo=A000000214203&dispCatNo=100000100010013&trackingCd=Cat100000100010013_Small&t_page=카테고리관&t_click=스킨/토너_전체__상품상세&t_number=297
Skin_Toner,https://www.oliveyoung.co.kr/store/goods/getGoodsDetail.do?goodsNo=A000000214222&dispCatNo=100000100010013&trackingCd=Cat100000100010013_Small&t_page=카테고리관&t_click=스킨/토너_전체__상품상세&t_number=298
Skin_Toner,https://www.oliveyoung.co.kr/store/goods/getGoodsDetail.do?goodsNo=A000000214254&dispCatNo=100000100010013&trackingCd=Cat100000100010013_Small&t_page=카테고리관&t_click=스킨/토너_전체__상품상세&t_number=299
Skin_Toner,https://www.oliveyoung.co.kr/store/goods/getGoodsDetail.do?goodsNo=A000000214753&dispCatNo=100000100010013&trackingCd=Cat100000100010013_Small&t_page=카테고리관&t_click=스킨/토너_전체__상품상세&t_number=300
Skin_Toner,https://www.oliveyoung.co.kr/store/goods/getGoodsDetail.do?goodsNo=A000000216459&dispCatNo=100000100010013&trackingCd=Cat100000100010013_Small&t_page=카테고리관&t_click=스킨/토너_전체__상품상세&t_number=301
Skin_Toner,https://www.oliveyoung.co.kr/store/goods/getGoodsDetail.do?goodsNo=A000000216469&dispCatNo=100000100010013&trackingCd=Cat100000100010013_Small&t_page=카테고리관&t_click=스킨/토너_전체__상품상세&t_number=302
Skin_Toner,https://www.oliveyoung.co.kr/store/goods/getGoodsDetail.do?goodsNo=A000000217325&dispCatNo=100000100010013&trackingCd=Cat100000100010013_Small&t_page=카테고리관&t_click=스킨/토너_전체__상품상세&t_number=303
Skin_Toner,https://www.oliveyoung.co.kr/store/goods/getGoodsDetail.do?goodsNo=A000000217777&dispCatNo=100000100010013&trackingCd=Cat100000100010013_Small&t_page=카테고리관&t_click=스킨/토너_전체__상품상세&t_number=304
Skin_Toner,https://www.oliveyoung.co.kr/store/goods/getGoodsDetail.do?goodsNo=A000000218716&dispCatNo=100000100010013&trackingCd=Cat100000100010013_Small&t_page=카테고리관&t_click=스킨/토너_전체__상품상세&t_number=305
Skin_Toner,https://www.oliveyoung.co.kr/store/goods/getGoodsDetail.do?goodsNo=A000000219144&dispCatNo=100000100010013&trackingCd=Cat100000100010013_Small&t_page=카테고리관&t_click=스킨/토너_전체__상품상세&t_number=306
Skin_Toner,https://www.oliveyoung.co.kr/store/goods/getGoodsDetail.do?goodsNo=A000000221331&dispCatNo=100000100010013&trackingCd=Cat100000100010013_Small&t_page=카테고리관&t_click=스킨/토너_전체__상품상세&t_number=307
Skin_Toner,https://www.oliveyoung.co.kr/store/goods/getGoodsDetail.do?goodsNo=A000000222250&dispCatNo=100000100010013&trackingCd=Cat100000100010013_Small&t_page=카테고리관&t_click=스킨/토너_전체__상품상세&t_number=308
Skin_Toner,https://www.oliveyoung.co.kr/store/goods/getGoodsDetail.do?goodsNo=A000000222697&dispCatNo=100000100010013&trackingCd=Cat100000100010013_Small&t_page=카테고리관&t_click=스킨/토너_전체__상품상세&t_number=309
Skin_Toner,https://www.oliveyoung.co.kr/store/goods/getGoodsDetail.do?goodsNo=A000000222710&dispCatNo=100000100010013&trackingCd=Cat100000100010013_Small&t_page=카테고리관&t_click=스킨/토너_전체__상품상세&t_number=310
Skin_Toner,https://www.oliveyoung.co.kr/store/goods/getGoodsDetail.do?goodsNo=A000000222739&dispCatNo=100000100010013&trackingCd=Cat100000100010013_Small&t_page=카테고리관&t_click=스킨/토너_전체__상품상세&t_number=311
Skin_Toner,https://www.oliveyoung.co.kr/store/goods/getGoodsDetail.do?goodsNo=A000000222826&dispCatNo=100000100010013&trackingCd=Cat100000100010013_Small&t_page=카테고리관&t_click=스킨/토너_전체__상품상세&t_number=312
Skin_Toner,https://www.oliveyoung.co.kr/store/goods/getGoodsDetail.do?goodsNo=A000000222849&dispCatNo=100000100010013&trackingCd=Cat100000100010013_Small&t_page=카테고리관&t_click=스킨/토너_전체__상품상세&t_number=313
Skin_Toner,https://www.oliveyoung.co.kr/store/goods/getGoodsDetail.do?goodsNo=A000000222939&dispCatNo=100000100010013&trackingCd=Cat100000100010013_Small&t_page=카테고리관&t_click=스킨/토너_전체__상품상세&t_number=314
Skin_Toner,https://www.oliveyoung.co.kr/store/goods/getGoodsDetail.do?goodsNo=A000000223219&dispCatNo=100000100010013&trackingCd=Cat100000100010013_Small&t_page=카테고리관&t_click=스킨/토너_전체__상품상세&t_number=315
Skin_Toner,https://www.oliveyoung.co.kr/store/goods/getGoodsDetail.do?goodsNo=A000000223334&dispCatNo=100000100010013&trackingCd=Cat100000100010013_Small&t_page=카테고리관&t_click=스킨/토너_전체__상품상세&t_number=316
Skin_Toner,https://www.oliveyoung.co.kr/store/goods/getGoodsDetail.do?goodsNo=A000000223425&dispCatNo=100000100010013&trackingCd=Cat100000100010013_Small&t_page=카테고리관&t_click=스킨/토너_전체__상품상세&t_number=317
Skin_Toner,https://www.oliveyoung.co.kr/store/goods/getGoodsDetail.do?goodsNo=A000000223546&dispCatNo=100000100010013&trackingCd=Cat100000100010013_Small&t_page=카테고리관&t_click=스킨/토너_전체__상품상세&t_number=318
Skin_Toner,https://www.oliveyoung.co.kr/store/goods/getGoodsDetail.do?goodsNo=A000000223783&dispCatNo=100000100010013&trackingCd=Cat100000100010013_Small&t_page=카테고리관&t_click=스킨/토너_전체__상품상세&t_number=319
Skin_Toner,https://www.oliveyoung.co.kr/store/goods/getGoodsDetail.do?goodsNo=A000000224385&dispCatNo=100000100010013&trackingCd=Cat100000100010013_Small&t_page=카테고리관&t_click=스킨/토너_전체__상품상세&t_number=320
Skin_Toner,https://www.oliveyoung.co.kr/store/goods/getGoodsDetail.do?goodsNo=A000000225063&dispCatNo=100000100010013&trackingCd=Cat100000100010013_Small&t_page=카테고리관&t_click=스킨/토너_전체__상품상세&t_number=321
Skin_Toner,https://www.oliveyoung.co.kr/store/goods/getGoodsDetail.do?goodsNo=A000000225066&dispCatNo=100000100010013&trackingCd=Cat100000100010013_Small&t_page=카테고리관&t_click=스킨/토너_전체__상품상세&t_number=322
Skin_Toner,https://www.oliveyoung.co.kr/store/goods/getGoodsDetail.do?goodsNo=A000000225907&dispCatNo=100000100010013&trackingCd=Cat100000100010013_Small&t_page=카테고리관&t_click=스킨/토너_전체__상품상세&t_number=323
Skin_Toner,https://www.oliveyoung.co.kr/store/goods/getGoodsDetail.do?goodsNo=A000000225908&dispCatNo=100000100010013&trackingCd=Cat100000100010013_Small&t_page=카테고리관&t_click=스킨/토너_전체__상품상세&t_number=324
Skin_Toner,https://www.oliveyoung.co.kr/store/goods/getGoodsDetail.do?goodsNo=A000000226099&dispCatNo=100000100010013&trackingCd=Cat100000100010013_Small&t_page=카테고리관&t_click=스킨/토너_전체__상품상세&t_number=325
Skin_Toner,https://www.oliveyoung.co.kr/store/goods/getGoodsDetail.do?goodsNo=A000000227223&dispCatNo=100000100010013&trackingCd=Cat100000100010013_Small&t_page=카테고리관&t_click=스킨/토너_전체__상품상세&t_number=326
Skin_Toner,https://www.oliveyoung.co.kr/store/goods/getGoodsDetail.do?goodsNo=A000000227275&dispCatNo=100000100010013&trackingCd=Cat100000100010013_Small&t_page=카테고리관&t_click=스킨/토너_전체__상품상세&t_number=327
Skin_Toner,https://www.oliveyoung.co.kr/store/goods/getGoodsDetail.do?goodsNo=A000000228073&dispCatNo=100000100010013&trackingCd=Cat100000100010013_Small&t_page=카테고리관&t_click=스킨/토너_전체__상품상세&t_number=328
Skin_Toner,https://www.oliveyoung.co.kr/store/goods/getGoodsDetail.do?goodsNo=A000000228333&dispCatNo=100000100010013&trackingCd=Cat100000100010013_Small&t_page=카테고리관&t_click=스킨/토너_전체__상품상세&t_number=329
Skin_Toner,https://www.oliveyoung.co.kr/store/goods/getGoodsDetail.do?goodsNo=A000000228953&dispCatNo=100000100010013&trackingCd=Cat100000100010013_Small&t_page=카테고리관&t_click=스킨/토너_전체__상품상세&t_number=330
Skin_Toner,https://www.oliveyoung.co.kr/store/goods/getGoodsDetail.do?goodsNo=A000000229082&dispCatNo=100000100010013&trackingCd=Cat100000100010013_Small&t_page=카테고리관&t_click=스킨/토너_전체__상품상세&t_number=331
Skin_Toner,https://www.oliveyoung.co.kr/store/goods/getGoodsDetail.do?goodsNo=A000000229286&dispCatNo=100000100010013&trackingCd=Cat100000100010013_Small&t_page=카테고리관&t_click=스킨/토너_전체__상품상세&t_number=332
Skin_Toner,https://www.oliveyoung.co.kr/store/goods/getGoodsDetail.do?goodsNo=A000000229463&dispCatNo=100000100010013&trackingCd=Cat100000100010013_Small&t_page=카테고리관&t_click=스킨/토너_전체__상품상세&t_number=333
Skin_Toner,https://www.oliveyoung.co.kr/store/goods/getGoodsDetail.do?goodsNo=A000000229487&dispCatNo=100000100010013&trackingCd=Cat100000100010013_Small&t_page=카테고리관&t_click=스킨/토너_전체__상품상세&t_number=334
Skin_Toner,https://www.oliveyoung.co.kr/store/goods/getGoodsDetail.do?goodsNo=A000000229723&dispCatNo=100000100010013&trackingCd=Cat100000100010013_Small&t_page=카테고리관&t_click=스킨/토너_전체__상품상세&t_number=335
Skin_Toner,https://www.oliveyoung.co.kr/store/goods/getGoodsDetail.do?goodsNo=A000000229955&dispCatNo=100000100010013&trackingCd=Cat100000100010013_Small&t_page=카테고리관&t_click=스킨/토너_전체__상품상세&t_number=336
Skin_Toner,https://www.oliveyoung.co.kr/store/goods/getGoodsDetail.do?goodsNo=A000000229965&dispCatNo=100000100010013&trackingCd=Cat100000100010013_Small&t_page=카테고리관&t_click=스킨/토너_전체__상품상세&t_number=337
Skin_Toner,https://www.oliveyoung.co.kr/store/goods/getGoodsDetail.do?goodsNo=A000000113195&dispCatNo=100000100010013&trackingCd=Cat100000100010013_Small&t_page=카테고리관&t_click=스킨/토너_전체__상품상세&t_number=338
Skin_Toner,https://www.oliveyoung.co.kr/store/goods/getGoodsDetail.do?goodsNo=A000000155253&dispCatNo=100000100010013&trackingCd=Cat100000100010013_Small&t_page=카테고리관&t_click=스킨/토너_전체__상품상세&t_number=339
Skin_Toner,https://www.oliveyoung.co.kr/store/goods/getGoodsDetail.do?goodsNo=A000000146589&dispCatNo=100000100010013&trackingCd=Cat100000100010013_Small&t_page=카테고리관&t_click=스킨/토너_전체__상품상세&t_number=340
Skin_Toner,https://www.oliveyoung.co.kr/store/goods/getGoodsDetail.do?goodsNo=A000000217582&dispCatNo=100000100010013&trackingCd=Cat100000100010013_Small&t_page=카테고리관&t_click=스킨/토너_전체__상품상세&t_number=341
Skin_Toner,https://www.oliveyoung.co.kr/store/goods/getGoodsDetail.do?goodsNo=A000000150815&dispCatNo=100000100010013&trackingCd=Cat100000100010013_Small&t_page=카테고리관&t_click=스킨/토너_전체__상품상세&t_number=342
Skin_Toner,https://www.oliveyoung.co.kr/store/goods/getGoodsDetail.do?goodsNo=A000000014088&dispCatNo=100000100010013&trackingCd=Cat100000100010013_Small&t_page=카테고리관&t_click=스킨/토너_전체__상품상세&t_number=343
Skin_Toner,https://www.oliveyoung.co.kr/store/goods/getGoodsDetail.do?goodsNo=A000000104144&dispCatNo=100000100010013&trackingCd=Cat100000100010013_Small&t_page=카테고리관&t_click=스킨/토너_전체__상품상세&t_number=344
Skin_Toner,https://www.oliveyoung.co.kr/store/goods/getGoodsDetail.do?goodsNo=A000000104976&dispCatNo=100000100010013&trackingCd=Cat100000100010013_Small&t_page=카테고리관&t_click=스킨/토너_전체__상품상세&t_number=345
Skin_Toner,https://www.oliveyoung.co.kr/store/goods/getGoodsDetail.do?goodsNo=A000000124508&dispCatNo=100000100010013&trackingCd=Cat100000100010013_Small&t_page=카테고리관&t_click=스킨/토너_전체__상품상세&t_number=346
Skin_Toner,https://www.oliveyoung.co.kr/store/goods/getGoodsDetail.do?goodsNo=A000000124511&dispCatNo=100000100010013&trackingCd=Cat100000100010013_Small&t_page=카테고리관&t_click=스킨/토너_전체__상품상세&t_number=347
Skin_Toner,https://www.oliveyoung.co.kr/store/goods/getGoodsDetail.do?goodsNo=A000000137502&dispCatNo=100000100010013&trackingCd=Cat100000100010013_Small&t_page=카테고리관&t_click=스킨/토너_전체__상품상세&t_number=348
Skin_Toner,https://www.oliveyoung.co.kr/store/goods/getGoodsDetail.do?goodsNo=A000000139348&dispCatNo=100000100010013&trackingCd=Cat100000100010013_Small&t_page=카테고리관&t_click=스킨/토너_전체__상품상세&t_number=349
Skin_Toner,https://www.oliveyoung.co.kr/store/goods/getGoodsDetail.do?goodsNo=A000000140344&dispCatNo=100000100010013&trackingCd=Cat100000100010013_Small&t_page=카테고리관&t_click=스킨/토너_전체__상품상세&t_number=350
Skin_Toner,https://www.oliveyoung.co.kr/store/goods/getGoodsDetail.do?goodsNo=A000000141330&dispCatNo=100000100010013&trackingCd=Cat100000100010013_Small&t_page=카테고리관&t_click=스킨/토너_전체__상품상세&t_number=351
Skin_Toner,https://www.oliveyoung.co.kr/store/goods/getGoodsDetail.do?goodsNo=A000000141881&dispCatNo=100000100010013&trackingCd=Cat100000100010013_Small&t_page=카테고리관&t_click=스킨/토너_전체__상품상세&t_number=352
Skin_Toner,https://www.oliveyoung.co.kr/store/goods/getGoodsDetail.do?goodsNo=A000000144124&dispCatNo=100000100010013&trackingCd=Cat100000100010013_Small&t_page=카테고리관&t_click=스킨/토너_전체__상품상세&t_number=353
Skin_Toner,https://www.oliveyoung.co.kr/store/goods/getGoodsDetail.do?goodsNo=A000000145276&dispCatNo=100000100010013&trackingCd=Cat100000100010013_Small&t_page=카테고리관&t_click=스킨/토너_전체__상품상세&t_number=354
Skin_Toner,https://www.oliveyoung.co.kr/store/goods/getGoodsDetail.do?goodsNo=A000000145277&dispCatNo=100000100010013&trackingCd=Cat100000100010013_Small&t_page=카테고리관&t_click=스킨/토너_전체__상품상세&t_number=355
Skin_Toner,https://www.oliveyoung.co.kr/store/goods/getGoodsDetail.do?goodsNo=A000000151890&dispCatNo=100000100010013&trackingCd=Cat100000100010013_Small&t_page=카테고리관&t_click=스킨/토너_전체__상품상세&t_number=356
Skin_Toner,https://www.oliveyoung.co.kr/store/goods/getGoodsDetail.do?goodsNo=A000000154538&dispCatNo=100000100010013&trackingCd=Cat100000100010013_Small&t_page=카테고리관&t_click=스킨/토너_전체__상품상세&t_number=357
Skin_Toner,https://www.oliveyoung.co.kr/store/goods/getGoodsDetail.do?goodsNo=A000000158369&dispCatNo=100000100010013&trackingCd=Cat100000100010013_Small&t_page=카테고리관&t_click=스킨/토너_전체__상품상세&t_number=358
Skin_Toner,https://www.oliveyoung.co.kr/store/goods/getGoodsDetail.do?goodsNo=A000000158616&dispCatNo=100000100010013&trackingCd=Cat100000100010013_Small&t_page=카테고리관&t_click=스킨/토너_전체__상품상세&t_number=359
Skin_Toner,https://www.oliveyoung.co.kr/store/goods/getGoodsDetail.do?goodsNo=A000000158620&dispCatNo=100000100010013&trackingCd=Cat100000100010013_Small&t_page=카테고리관&t_click=스킨/토너_전체__상품상세&t_number=360
Skin_Toner,https://www.oliveyoung.co.kr/store/goods/getGoodsDetail.do?goodsNo=A000000159291&dispCatNo=100000100010013&trackingCd=Cat100000100010013_Small&t_page=카테고리관&t_click=스킨/토너_전체__상품상세&t_number=361
Skin_Toner,https://www.oliveyoung.co.kr/store/goods/getGoodsDetail.do?goodsNo=A000000159466&dispCatNo=100000100010013&trackingCd=Cat100000100010013_Small&t_page=카테고리관&t_click=스킨/토너_전체__상품상세&t_number=362
Skin_Toner,https://www.oliveyoung.co.kr/store/goods/getGoodsDetail.do?goodsNo=A000000170418&dispCatNo=100000100010013&trackingCd=Cat100000100010013_Small&t_page=카테고리관&t_click=스킨/토너_전체__상품상세&t_number=363
Skin_Toner,https://www.oliveyoung.co.kr/store/goods/getGoodsDetail.do?goodsNo=A000000173994&dispCatNo=100000100010013&trackingCd=Cat100000100010013_Small&t_page=카테고리관&t_click=스킨/토너_전체__상품상세&t_number=364
Skin_Toner,https://www.oliveyoung.co.kr/store/goods/getGoodsDetail.do?goodsNo=A000000178990&dispCatNo=100000100010013&trackingCd=Cat100000100010013_Small&t_page=카테고리관&t_click=스킨/토너_전체__상품상세&t_number=365
Skin_Toner,https://www.oliveyoung.co.kr/store/goods/getGoodsDetail.do?goodsNo=A000000180475&dispCatNo=100000100010013&trackingCd=Cat100000100010013_Small&t_page=카테고리관&t_click=스킨/토너_전체__상품상세&t_number=366
Skin_Toner,https://www.oliveyoung.co.kr/store/goods/getGoodsDetail.do?goodsNo=A000000182369&dispCatNo=100000100010013&trackingCd=Cat100000100010013_Small&t_page=카테고리관&t_click=스킨/토너_전체__상품상세&t_number=367
Skin_Toner,https://www.oliveyoung.co.kr/store/goods/getGoodsDetail.do?goodsNo=A000000182609&dispCatNo=100000100010013&trackingCd=Cat100000100010013_Small&t_page=카테고리관&t_click=스킨/토너_전체__상품상세&t_number=368
Skin_Toner,https://www.oliveyoung.co.kr/store/goods/getGoodsDetail.do?goodsNo=A000000185123&dispCatNo=100000100010013&trackingCd=Cat100000100010013_Small&t_page=카테고리관&t_click=스킨/토너_전체__상품상세&t_number=369
Skin_Toner,https://www.oliveyoung.co.kr/store/goods/getGoodsDetail.do?goodsNo=A000000186846&dispCatNo=100000100010013&trackingCd=Cat100000100010013_Small&t_page=카테고리관&t_click=스킨/토너_전체__상품상세&t_number=370
Skin_Toner,https://www.oliveyoung.co.kr/store/goods/getGoodsDetail.do?goodsNo=A000000188086&dispCatNo=100000100010013&trackingCd=Cat100000100010013_Small&t_page=카테고리관&t_click=스킨/토너_전체__상품상세&t_number=371
Skin_Toner,https://www.oliveyoung.co.kr/store/goods/getGoodsDetail.do?goodsNo=A000000188790&dispCatNo=100000100010013&trackingCd=Cat100000100010013_Small&t_page=카테고리관&t_click=스킨/토너_전체__상품상세&t_number=372
Skin_Toner,https://www.oliveyoung.co.kr/store/goods/getGoodsDetail.do?goodsNo=A000000189633&dispCatNo=100000100010013&trackingCd=Cat100000100010013_Small&t_page=카테고리관&t_click=스킨/토너_전체__상품상세&t_number=373
Skin_Toner,https://www.oliveyoung.co.kr/store/goods/getGoodsDetail.do?goodsNo=A000000192159&dispCatNo=100000100010013&trackingCd=Cat100000100010013_Small&t_page=카테고리관&t_click=스킨/토너_전체__상품상세&t_number=374
Skin_Toner,https://www.oliveyoung.co.kr/store/goods/getGoodsDetail.do?goodsNo=A000000192794&dispCatNo=100000100010013&trackingCd=Cat100000100010013_Small&t_page=카테고리관&t_click=스킨/토너_전체__상품상세&t_number=375
Skin_Toner,https://www.oliveyoung.co.kr/store/goods/getGoodsDetail.do?goodsNo=A000000193236&dispCatNo=100000100010013&trackingCd=Cat100000100010013_Small&t_page=카테고리관&t_click=스킨/토너_전체__상품상세&t_number=376
Skin_Toner,https://www.oliveyoung.co.kr/store/goods/getGoodsDetail.do?goodsNo=A000000197560&dispCatNo=100000100010013&trackingCd=Cat100000100010013_Small&t_page=카테고리관&t_click=스킨/토너_전체__상품상세&t_number=377
Skin_Toner,https://www.oliveyoung.co.kr/store/goods/getGoodsDetail.do?goodsNo=A000000199669&dispCatNo=100000100010013&trackingCd=Cat100000100010013_Small&t_page=카테고리관&t_click=스킨/토너_전체__상품상세&t_number=378
Skin_Toner,https://www.oliveyoung.co.kr/store/goods/getGoodsDetail.do?goodsNo=A000000202383&dispCatNo=100000100010013&trackingCd=Cat100000100010013_Small&t_page=카테고리관&t_click=스킨/토너_전체__상품상세&t_number=379
Skin_Toner,https://www.oliveyoung.co.kr/store/goods/getGoodsDetail.do?goodsNo=A000000206409&dispCatNo=100000100010013&trackingCd=Cat100000100010013_Small&t_page=카테고리관&t_click=스킨/토너_전체__상품상세&t_number=380
Skin_Toner,https://www.oliveyoung.co.kr/store/goods/getGoodsDetail.do?goodsNo=A000000207886&dispCatNo=100000100010013&trackingCd=Cat100000100010013_Small&t_page=카테고리관&t_click=스킨/토너_전체__상품상세&t_number=381
Skin_Toner,https://www.oliveyoung.co.kr/store/goods/getGoodsDetail.do?goodsNo=A000000209829&dispCatNo=100000100010013&trackingCd=Cat100000100010013_Small&t_page=카테고리관&t_click=스킨/토너_전체__상품상세&t_number=382
Skin_Toner,https://www.oliveyoung.co.kr/store/goods/getGoodsDetail.do?goodsNo=A000000211056&dispCatNo=100000100010013&trackingCd=Cat100000100010013_Small&t_page=카테고리관&t_click=스킨/토너_전체__상품상세&t_number=383
Skin_Toner,https://www.oliveyoung.co.kr/store/goods/getGoodsDetail.do?goodsNo=A000000214066&dispCatNo=100000100010013&trackingCd=Cat100000100010013_Small&t_page=카테고리관&t_click=스킨/토너_전체__상품상세&t_number=384
Skin_Toner,https://www.oliveyoung.co.kr/store/goods/getGoodsDetail.do?goodsNo=A000000214187&dispCatNo=100000100010013&trackingCd=Cat100000100010013_Small&t_page=카테고리관&t_click=스킨/토너_전체__상품상세&t_number=385
Skin_Toner,https://www.oliveyoung.co.kr/store/goods/getGoodsDetail.do?goodsNo=A000000222334&dispCatNo=100000100010013&trackingCd=Cat100000100010013_Small&t_page=카테고리관&t_click=스킨/토너_전체__상품상세&t_number=386
Skin_Toner,https://www.oliveyoung.co.kr/store/goods/getGoodsDetail.do?goodsNo=A000000226492&dispCatNo=100000100010013&trackingCd=Cat100000100010013_Small&t_page=카테고리관&t_click=스킨/토너_전체__상품상세&t_number=387
Skin_Toner,https://www.oliveyoung.co.kr/store/goods/getGoodsDetail.do?goodsNo=A000000228907&dispCatNo=100000100010013&trackingCd=Cat100000100010013_Small&t_page=카테고리관&t_click=스킨/토너_전체__상품상세&t_number=388
